Debarun Chatterjee,My level is 2689ï»¿,12 hours ago,3,No video
Amarjeet Singh,Best gameï»¿,18 hours ago,3,No video
mohim alam,Which person its idea ? I play this game along 3 year ..and in case i didn't better move so i elsely back again try. But now its not back and its back so its cut my one life .... im very hurt is future..ğŸ˜ ğŸ˜ ğŸ˜ ğŸ˜¡ğŸ˜¡ğŸ˜¡ğŸ˜¤ğŸ˜¤ğŸ˜¤ğŸ˜¤ï»¿,19 hours ago (edited),3,No video
george mukdisy,6044ï»¿,12 hours ago,2,No video
ramana kallu,ğŸ˜ğŸ­ğŸ­ğŸ­ğŸ­ğŸ¬ğŸ¬ğŸ¬ğŸ¬ğŸ¬ğŸ­ğŸ­ğŸ­ğŸ­ğŸ­ğŸ¬ğŸ¬ğŸ¬ğŸ¬ï»¿,19 hours ago,2,No video
Drucilla Johnson,Best game ever...ğŸ‘ğŸ½ï»¿,19 hours ago,2,No video
Kashif butt,I am 6046ï»¿,14 hours ago,2,No video
no name,Oh yeah âœŒâœŒï»¿,4 hours ago,1,No video
Bob esponja YT,Vuelvan a poner el mundo de ensueÃ±oï»¿,12 hours ago,1,No video
Ù…Ø­Ù…ÙˆØ¯ Ø¹Ø¨Ø¯Ø§Ù„Ø¹Ø§Ù„,Ø§Ù†Ø§ ÙÙ‰ Ø§Ù„Ù…Ø±Ø­Ù„Ù‡ 6050ï»¿,10 hours ago,1,No video
yasir rasheed,"Wao superb game 
Mn or sister buht khelti han ye game free time mnï»¿",19 hours ago,1,No video
SÃ©rgio Chin,Bom jogo ğŸ¤™ï»¿,19 minutes ago,0,No video
manoj khewadiya,Agar game ko on kare or vahi ka vahi game ko back kare to o hota ni ab plg dobara abdate bejhoï»¿,1 hour ago,0,No video
kailash trivedi,Ye game muje bahot pasand he me free time me khel leti hu ya u kaho free ho tab ghar ka kam karti hu .ğŸ˜ğŸ˜me  5350 level pe hu 0r abhi me top pe huï»¿,1 hour ago,0,No video
manoj khewadiya,3035 my levelï»¿,1 hour ago,0,No video
Israela Israela,930ï»¿,1 hour ago,0,No video
Swati Eli,"Best se bhi best,ï»¿",2 hours ago,0,No video
*à´¸àµ†à´®àµ€àµ¼ AP*,I am 6050 levelï»¿,3 hours ago,0,No video
Ashok Panchal,Very very nice gameï»¿,3 hours ago,0,No video
Bera Zaravez,Voy en el nivel 6044ï»¿,3 hours ago,0,No video
Billy Marimon,It's the best game I know. It opens and sharpens your mind.ğŸ‘ğŸ‘ğŸ‘ï»¿,4 hours ago,0,No video
Mazher khan Pathan,1213ï»¿,4 hours ago,0,No video
yousuf basha,this year my level is 6050 next year December 31st level is 8390 sureï»¿,6 hours ago,0,No video
Sandeep singh,Ik baat PTA kardi hai candy crush  game ke total  level  kithe haiï»¿,7 hours ago,0,No video
Mama Alifah,Sangat cocok untuk santaiï»¿,7 hours ago,0,No video
Saman Anwar,Ø§Ù†Ø§ ÙÙ‰ Ù…Ø±Ø­Ù„Ù‡ 6050ï»¿,9 hours ago,0,No video
kanchana sakthivel,4030ï»¿,7 hours ago,0,No video
lenin leni,Am now 6050... Waiting for new levelï»¿,12 hours ago,0,No video
PhÆ°á»£ng NgÃ´,I'm 4679ï»¿,10 hours ago,0,No video
Omar Murad,I am 5120.ï»¿,12 hours ago,0,No video
Dj Aarti A audio,My level is 2020ï»¿,13 hours ago,0,No video
Dj Aarti A audio,My leval is 2020ï»¿,13 hours ago,0,No video
Nada Ainnurohmah,ğŸ‘…ğŸ’£ğŸ’£ğŸ’£ï»¿,11 hours ago,0,No video
tulasi usha,"It's nice game to make brain sharper and  to reach target. I am at 3913 level ,,ğŸ¤—ğŸ¤—ğŸ¤—ï»¿",16 hours ago,0,No video
avinash patil,I am 3100 level nice gameï»¿,15 hours ago,0,No video
Gulcemal Akgul,'@8jnvt9ï»¿,13 hours ago,0,No video
Gaurav Sahu,"I love the game so much i recently passed the level 6000
Currently at 6050ï»¿",18 hours ago,0,No video
osman Ã§oban,Willing to order 45 levels is not enough  for meï»¿,17 hours ago,0,No video
iSteri,i wonder if candy crush can make a level that has 100 movesï»¿,18 hours ago,0,No video
Ruksana Begum,"I love this game so much . Aim to complete end level. 
Now my level is 2257ï»¿",18 hours ago,0,No video
Mudassir Ali,Im in 4698 level currently ğŸ’“ï»¿,16 hours ago,0,No video
Joseph M,I think I topped level 4000 this year! Iâ€™m currently at 4284!ï»¿,18 hours ago,0,No video
Sanghamitra Das,Nice game.i have completed 3000 levelsï»¿,16 hours ago,0,No video
pradeep verma,I love this game I am on 3757ï»¿,17 hours ago,0,No video
osman Ã§oban,I love this game 6050ï»¿,17 hours ago (edited),0,No video
gk krish,I love this game.....ğŸ’ŸğŸ’ŸğŸ’ï»¿,17 hours ago,0,No video
Khalid Odeh,My  fievret gameï»¿,16 hours ago,0,No video
Rakib Laskar,Very niceï»¿,16 hours ago,0,No video
Kusum Sharma,I love this gameï»¿,18 hours ago,0,No video
emar Emami,wow...the best gameï»¿,19 hours ago,0,No video
Suleman Badshah,Good gemaï»¿,17 hours ago,0,No video
mahadev powar,Ireland 6045ï»¿,18 hours ago,0,No video
Ahmed Ali,2040ï»¿,17 hours ago,0,No video
Sagar Debbarma,5103ï»¿,17 hours ago,0,No video
Manish Malik:,6050ï»¿,18 hours ago,0,No video
Mohamed Shepl,10000ï»¿,18 hours ago,0,No video
Dr Ullas Bhojkar,Topsocrerï»¿,18 hours ago,0,No video
yousuf basha,my level is 6050 complete where 6000 giftï»¿,3 days ago,10,No video
Md Imran,I have reached 4900 levelsï»¿,3 days ago,6,No video
luisa D R,level 6050 finished!ï»¿,3 days ago,5,No video
Sylwia Wojtyna,Xï»¿,3 days ago,4,No video
Suresh gurjar,890level completï»¿,3 days ago,4,No video
suman patel,OK OK thanks. Good for entertainment.ï»¿,3 days ago,4,No video
Grungus Jarvis,Wouch.ï»¿,3 days ago,3,No video
Iro Suvonkulova,2692ï»¿,3 days ago,3,No video
Kolampi Music 5.1,ğŸ’˜ğŸ’˜ğŸ’˜ğŸ’˜ğŸ’˜ï»¿,3 days ago,3,No video
Alex,eu to no nÃ­vel 1o18ï»¿,3 days ago,3,No video
Cynthia Beverly,I have done 8009ï»¿,2 days ago,3,No video
*à´¸àµ†à´®àµ€àµ¼ AP*,6050 finishedï»¿,2 days ago,2,No video
Israela Israela,920ï»¿,2 days ago,2,No video
Krishna Chaithanya,I finished 6050 level on topï»¿,3 days ago,2,No video
babu rao,4041ï»¿,5 hours ago,1,No video
Murunga Lilechi,Will be quitting candy crush in the next few days after hitting level 6000.ï»¿,2 days ago,1,No video
Alfredo Montealegre,"For Xmas I want
 The Dreamworld back to candy crushï»¿",2 days ago,1,No video
Syed Amir,6050 level compeletedï»¿,2 days ago,1,No video
Ravi thakuriya,700ï»¿,2 days ago,1,No video
India youtuber rock,1700level compleltï»¿,2 days ago,1,No video
Jarnail Sandhu,900levelï»¿,2 days ago,1,No video
Mohammed Iffran,I like so much  ğŸ¬ crush  i love itï»¿,3 days ago,1,No video
FARUK Khan,2197 levelï»¿,3 days ago,1,No video
Amal Sherif,1473ï»¿,3 days ago,1,No video
Randhir Kumar,6050ï»¿,3 days ago,1,No video
Ashok Panchal,Ashok panchal 6050ï»¿,3 days ago,1,No video
HAZEM HAIDAR,ğŸ’™ğŸï»¿,3 days ago,1,No video
Arjuna Ashok,I finshe 3286 levelï»¿,3 days ago,1,No video
ÙØªØ­ÙŠ Ø§Ù„Ø¹Ø´Ø§Ø±ÙŠ,Ù„Ù‚Ø¯ ÙˆØµÙ„Øª Ø§Ù„Ù‰ Ø§Ù„Ù…Ø±Ø­Ù„Ù‡ 6003 ØªØ­ÙŠØ§ØªÙŠØŒ Ù…Ù† Ø§Ù„ÙŠÙ…Ù† Ø§Ù„Ø³Ø¹ÙŠØ¯ï»¿,3 days ago,1,No video
jayashree venkatesh,I hv completed 10521ï»¿,2 days ago,1,No video
Khalid Odeh,ğŸ˜ğŸ˜ğŸ˜ğŸ˜ğŸ˜ğŸ˜ğŸ˜ğŸ˜ğŸ˜ï»¿,16 hours ago,0,No video
Neha Singh,I have reached level 1795ï»¿,1 day ago,0,No video
Jitendra Guota,My level is 6028ï»¿,1 day ago,0,No video
Faheem Ahm,Full enjoyï»¿,1 day ago,0,No video
Faheem Ahm,6050 compleetï»¿,1 day ago,0,No video
Rakibul Islam,my level 4125ï»¿,1 day ago,0,No video
Arya Sumit,I have completed 1077 lableï»¿,2 days ago,0,No video
saroj bala,Complete 1896ï»¿,1 day ago,0,No video
Ramdas Khandare,I complete level 5269ï»¿,2 days ago,0,No video
martha 11,2185ï»¿,1 day ago,0,No video
mahadev powar,6057ï»¿,2 days ago,0,No video
Saranchimeg Dolgorsuren,My level 1670ï»¿,2 days ago,0,No video
Dynamo Ked dynamo,Hiiï»¿,2 days ago,0,No video
AnalÃ­a Reyes,Level 3446 ğŸ… Candy Crush ğŸ¬ğŸ¬ğŸ­ğŸ­ğŸ¬ğŸ­ğŸ¬ï»¿,2 days ago,0,No video
Cecilio Lopez,Goodï»¿,2 days ago,0,No video
Ä¸anaraĞ¼ cĞ½oÏ…dĞ½ary,6030 completeï»¿,2 days ago,0,No video
Ğ»Ğ¾Ğ±Ğ°Ñ€ Ñ…Ğ¾Ğ½,1112ï»¿,2 days ago,0,No video
Enciu Claudia,My level of Candy Crush is 4862ï»¿,2 days ago,0,No video
manjula e,I am also 2340 finishedï»¿,2 days ago,0,No video
Kusum Sharma,I love candy crush my level5696ï»¿,2 days ago,0,No video
John Conlon,Belfastï»¿,2 days ago,0,No video
soma shankar,My level is 3224ï»¿,2 days ago,0,No video
Dj Aarti A audio,My level 1990ï»¿,2 days ago,0,No video
Laptop Earn,4026ï»¿,3 days ago,0,No video
md taher Bd 24,3430ï»¿,3 days ago,0,No video
Himanshu Himank,1259 level finishedï»¿,3 days ago,0,No video
Nivi Shanmugam,I'm finished 1081 levels.ï»¿,3 days ago,0,No video
Md Hosan,My 1150 levelï»¿,3 days ago,0,No video
Leandro Freitas,A.  Meiï»¿,3 days ago,0,No video
Candy-Games,"To take the 12 grapes at the door of the Sun of Madrid, hehehe!ï»¿",3 days ago,0,No video
Mohamed Shepl,6050ï»¿,3 days ago,0,No video
Ù…Ø­Ù…ÙˆØ¯ Ø¹Ø¨Ø¯Ø§Ù„Ø¹Ø§Ù„,Ø§Ù†Ø§ ÙˆØµÙ„Øª Ø§Ù„Ù…Ø³ØªÙˆÙ‰ 6050ï»¿,3 days ago (edited),0,No video
Vijay Kumar,1400 leval completeï»¿,3 days ago,0,No video
Tijuana Wilson,Iâ€™m at 2145ï»¿,3 days ago,0,No video
El Mundo De JOEL,Joelï»¿,3 days ago,0,No video
Zinou Saker,1136lovilï»¿,3 days ago,0,No video
Iro Suvonkulova,2692ï»¿,3 days ago,0,No video
Suresh gurjar,890ï»¿,3 days ago,0,No video
M.adnan Bhatti,2000ï»¿,3 days ago,0,No video
bebo 14usa,My level is 3146 completeï»¿,3 days ago (edited),0,No video
Victor x Cast s,1-39ï»¿,3 days ago,0,No video
ahmed khmis,1018ï»¿,3 days ago,0,No video
marua 2025,level is 350 completeï»¿,3 days ago,0,No video
Imran Khan,6025ï»¿,3 days ago,0,No video
vartika prajapati,I completed level 3649ï»¿,3 days ago,0,No video
M Muzamil Muzamil,Gï»¿,3 days ago,0,No video
suman patel,Sumantrai Patel  OK.ï»¿,3 days ago,0,No video
Simone Rodrigues vieira,Oi eu tÃ´ no nÃ­vel 3000ï»¿,3 days ago,0,No video
luisa D R,my favorite gameğŸ˜Š  just finished level 6005 today ğŸ˜Šï»¿,1 week ago,8,No video
Crystal Smith,"OMGGGGGGG â™¡ my favorite game I've been playing for over 5 years ğŸ˜„..
tiffy cuz she's spunky and awesomenessï»¿",1 week ago,4,No video
Mamta Bansal,I loved it even I finished 6005 level last 3 days I never miss it even when it open new 45 levels same day I close itï»¿,1 week ago,3,No video
Priyabrata Sayan Mahata,My level 5809ï»¿,1 week ago,3,No video
Mafijul love,i am mafijul sk from fb.. win 3167 roundï»¿,1 week ago,3,No video
Pushpendra Singh Panwar,"Wow I complete ,4013 levels. Greate game..ï»¿",1 week ago,3,No video
Michelle mungia,My favorite characters are everyone except bubblegum troll.. but if I have to pick one.. Mistyï»¿,1 week ago,3,No video
manohar kumar,I am play game 1yers 2560 level complete my favorite gameï»¿,1 week ago,2,No video
Panda Marbun,Loved this game every day and completed level 6005ğŸ‡²ğŸ‡¨ï»¿,1 week ago,2,No video
Adara Handmade,Mine is MISTY THE POP STAR because she gives different things to help.ï»¿,1 week ago,2,No video
nagasunayana k,My favourite gameï»¿,1 week ago,1,No video
Vodapelly Vedavathi,My level is just 10172ï»¿,1 week ago,1,No video
Rama Santra,My level is 5560ï»¿,5 days ago,0,No video
babu rao,This game I play for 6yrsï»¿,5 days ago,0,No video
anil kumar,My leval 6018ï»¿,5 days ago,0,No video
Aparecido Jorge,Lindas canecas.ï»¿,6 days ago,0,No video
Ù…Ø­Ù…ÙˆØ¯ Ø¹Ø¨Ø¯Ø§Ù„Ø¹Ø§Ù„,"Ø§Ù†Ø§ Ø§Ù„Ø¹Ø¨Ù‡ Ù…Ø´ ÙØªØ­Ù‡ Ù…Ø¹Ø§ÙŠÙ‡ Ø§Ù†Ø§ ÙÙ‰ Ø§Ù„Ù…Ø³ØªÙˆÙ‰ 
6005ï»¿",6 days ago,0,No video
Ranjeet Kaur,I have completed my 5000 level before 2 daysï»¿,6 days ago,0,No video
Bijayalaxmi Das,Hi my level is 1777ï»¿,6 days ago,0,No video
Priyanka K,I love candy crush sagaï»¿,1 week ago,0,No video
Linda Thompson,I love everybody except to he bubble gum troll. I am level 1069. I love this game so much that somehow it got deleted when I bought a new phone so I started it all over again.ï»¿,1 week ago,0,No video
Sanjay Pahwa,This game is the best game in universe and my favorite character is sweet lalisaï»¿,1 week ago,0,No video
Mahi Butq,I love this game mai passed  level 4569 only 8 manthï»¿,1 week ago,0,No video
Zaki Malik,My level 1770ï»¿,1 week ago,0,No video
Hyangmi Kim,"My favorite game too
I only play this game,not elseï»¿",1 week ago,0,No video
JSKB Khushik,I passed level 6005 today and my favorite game.ï»¿,1 week ago,0,No video
sars Oura,my favorite game ğŸ˜ï»¿,1 week ago,0,No video
Alex,eu queroï»¿,1 week ago,0,No video
Maurine Odongo,My fav game.ï»¿,1 week ago,0,No video
Hasan Mohamed Hasan,I'm fineshed level 6005.its my favorate gameï»¿,1 week ago,0,No video
Tania Lipi,I love Yeti and Tifiï»¿,1 week ago,0,No video
GitMaster,Looks niceï»¿,1 week ago,0,No video
Bhanwarlal Janni,I am level 3568ï»¿,1 week ago,0,No video
Matilde da Motta Medeiros,Aaaaaaa meu Deus que lindoooï»¿,1 week ago,0,No video
Lorran Santiago,"my favorite character is Yeti, he's big and hairy... so cute and so sweet. i love the sagas where he appearsï»¿",1 week ago,0,No video
uche johnson,I like Tiffi (Toffette) more than every other character because she has been with me since level 1and i saw her yesterday at level 6005ï»¿,1 week ago,0,No video
fredy anita,Hi my favorite it's candy crush saga for me great game nd so entertained.ğŸ‘ï»¿,1 week ago,0,No video
Francis Soza,Que tuani ğŸ˜ï»¿,1 week ago,0,No video
Choton Dutta,I'm like candy crush saga level 1142ï»¿,1 week ago,0,No video
Eki Fatmawati,Lucu..indonesiaï»¿,1 week ago,0,No video
Suma Prasannakumar,I love candy crush game booster wheel episodeRace and sugar drops loving soooo muchhhhï»¿,1 week ago,0,No video
Neha Prabhu,Mine favourite is yetiï»¿,1 week ago,0,No video
Alfons cipta,good candy crush saga i like.....ï»¿,1 week ago,0,No video
anurag srivastav,"I am anurag srivastav
Win
5966 levelï»¿",1 week ago,0,No video
Israela Israela,i like candy crushï»¿,1 week ago,0,No video
Entertainment Video,WowğŸ‘ğŸ‘ï»¿,1 week ago,0,No video
Ashish Sharma,"Sweet lalisa 
Bcoz its amazingï»¿",1 week ago,0,No video
yousuf basha,candy-crush saga king my level is 5960ï»¿,2 weeks ago,6,No video
Angelitto chua,Oh my favorite friend is odus and nut cracker merry christmasï»¿,2 weeks ago,4,No video
Reta Sumba,Dmn nihï»¿,2 weeks ago,3,No video
Doreen Goff,Yeti is in New Yorkï»¿,2 weeks ago,2,No video
il kouraoui mohamed,Ø®ÙˆØªÙŠ Ø¹ÙÙƒÙ… Ø¹ÙˆÙ†Ù† Ù†ÙˆØµÙ„ 100Ø¬ÙŠÙ… ÙÙŠ Ø§Ù„Ù‚Ù†Ø§Øª Ø¥Ø¯ÙŠØ§Ù„ÙŠ Ø¹ÙÙƒÙ…ï»¿,2 weeks ago,2,No video
Poornesh gowda 9145016192,3000ï»¿,2 weeks ago,2,No video
Panda Marbun,"I loved this game every day, now my level is 6005ğŸ‡²ğŸ‡¨ğŸ”ï»¿",1 week ago,1,No video
Eki Fatmawati,Candy crush level 1676(Nabil)..duluan udh 2rb lbh tp kehapusï»¿,1 week ago,1,No video
Chander Mahato,"Only ""candy crush saga.""No.1ğŸ‘ï»¿",1 week ago,1,No video
Myrtle Joyce Lagarita,Does Mr. Toffee blow Yeti a kiss?! LOLï»¿,2 weeks ago,1,No video
à¦«à¦¾à¦¨à¦¿ à¦¬à¦¾à¦‚à¦²à¦¾,I jointï»¿,2 weeks ago,1,No video
Usilai Sakthi SRV,Super gameï»¿,2 weeks ago,1,No video
Justin Maduako,Yes he is because he wants to be great ğŸ‘ at skiing â›· at his original series candy ğŸ­ ğŸ¬ ğŸ« crush in the future 2020â€™s.ï»¿,2 weeks ago,1,No video
Eki Fatmawati,Candy crush level 1676 nabilD..duluan udh 2rb lbh tp kehapus...ï»¿,1 week ago,0,No video
Chander Mahato,Best game! I am at label 4000.ï»¿,1 week ago,0,No video
Yogendra Pal,I am at 5972 levelï»¿,1 week ago,0,No video
Waris Khan,My level 1500ï»¿,1 week ago,0,No video
VOS VOS,level 6056 is blockedï»¿,1 week ago,0,No video
Ashu Saini,My lavle 3050ï»¿,1 week ago,0,No video
Debarun Chatterjee,My level is 2657..ï»¿,1 week ago,0,No video
rish raykal,Gtfï»¿,1 week ago,0,No video
Sara Khan,Goodï»¿,1 week ago,0,No video
Sara Khan,Saraï»¿,1 week ago,0,No video
Desiri Shank,Love this game only on level 759 can't wait at least to hit a thousand I believe he is a New Yorkï»¿,1 week ago,0,No video
Hakeem Johnson,My level is 1138ï»¿,2 weeks ago,0,No video
Atif Bagwan,My favorite game in my mobile ğŸ‘ŒğŸ¤ŸğŸ¤Ÿâ¤ğŸ’ğŸŒ¹ğŸŒ¹ğŸŒ¹ï»¿,2 weeks ago,0,No video
Hakeem Johnson,Candy crushğŸ˜ï»¿,2 weeks ago,0,No video
pankaj sharma,My level is 4100ï»¿,2 weeks ago,0,No video
SANDIP SWARNAKAR,My favorite gameï»¿,2 weeks ago,0,No video
TrÆ°Æ¡ng huáº¥n,Chuï»¿,2 weeks ago,0,No video
Rahul Singh Yadav,My favourite ğŸ˜ğŸ˜ï»¿,2 weeks ago,0,No video
K13rAnW3AvEr05,BRING BACK THE OLD MAP DESIGN!ï»¿,3 weeks ago,4,No video
Myrtle Joyce Lagarita,Any cake... especially birthday cakeï»¿,3 weeks ago,3,No video
Vanessa Busra,White forest... ğŸ˜Šï»¿,3 weeks ago,3,No video
Risky Boy Naushad,I'm indian and uï»¿,3 weeks ago,2,No video
Jan Tabira,Let him eat the cakeï»¿,3 weeks ago,2,No video
Otavio Barros Zanelli,Hum Deliciusï»¿,3 weeks ago,2,No video
HAZEM HAIDAR,ğŸ’™ï»¿,3 weeks ago,1,No video
Tania Tania,"Hi,,, 
I am Bangladeshi ğŸ˜
I love candy crush ğŸ˜ï»¿",3 weeks ago,1,No video
lisawilliams969 Tierra1693,Pumpkin ğŸ’˜ reminds me of my mom â¤â¤â¤ her so muchğŸ˜˜ğŸ˜˜ğŸ¤—ğŸ¤—ï»¿,3 weeks ago,1,No video
Entertainment Video,Ranking topï»¿,3 weeks ago,1,No video
Filipa Castelo Branco,Chocolate.Because  i like very much Chocolate ğŸ«ï»¿,3 weeks ago,1,No video
il kouraoui mohamed,Ø®ÙˆØªÙŠ Ø¹ÙÙƒÙ… Ø¹ÙˆÙ†Ù† Ù†ÙˆØµÙ„ 100Ø¬ÙŠÙ… ÙÙŠ Ø§Ù„Ù‚Ù†Ø§Øª Ø¥Ø¯ÙŠØ§Ù„ÙŠ Ø¹ÙÙƒÙ…ï»¿,3 weeks ago,1,No video
Sry Aunyong,Kï»¿,1 week ago,0,No video
Tolulope Oladele,"Chocolate cause it taste so
Goodï»¿",2 weeks ago,0,No video
Johanna Alonzo,Soy yo de nuevoï»¿,3 weeks ago,0,No video
Chim hai TAN,à¸µà¸±à¸²à¹ˆà¸™à¸²ï»¿,3 weeks ago,0,No video
Ashok Singh,Yesterday I made a purchase worth 159 INR the amount was deducted from my account but I didn't got the boosters for which I made the purchase. So friends beware of all the purchase that u wud make from these CHEATERS.ï»¿,3 weeks ago,0,No video
Ebby L,Yellow cake with chocolate frosting!.ğŸ¤¤ï»¿,3 weeks ago,0,No video
Katharina Klein,"Yes, Candy Crushï»¿",3 weeks ago,0,No video
Ø²ÙˆØ²Ùˆ Ù…Ø­Ù…Ø¯,Ù„Ø¹Ø¨Ù‡ Ø¬Ù…ÙŠÙ„Ù‡ï»¿,3 weeks ago,0,No video
world the greatest Green,red velvet cause its my favoriteï»¿,3 weeks ago,0,No video
MBxee MD,ğŸ’—ğŸ’ğŸ’ i love candy crush sagaï»¿,3 weeks ago,0,No video
ã€ŠÙˆØ§Ù… ÙŠØ²ÙˆÙ†ÙŠ ã€‹,ÙˆÙŠÙ† Ø§Ù„Ø¹Ø±Ø§Ù‚ÙŠÙ†ï»¿,3 weeks ago,0,No video
AM vs PM,I am 6000 level complete in candy crush sagaï»¿,3 weeks ago,0,No video
Wm Chan,Mango mousse cake because I love mango and the texture of mousseï»¿,3 weeks ago,0,No video
Antonia Regalado Salinas,Jajajaja ğŸ¤£ğŸ¤£ğŸ¤£ğŸ¤£ğŸ¤£ğŸ¤£ğŸ¤£ï»¿,3 weeks ago,0,No video
ubaid khan,3060ğŸ’ªğŸ’ªğŸ™ŒğŸ™ŒğŸ˜±ğŸ˜±ğŸ‘ğŸ‘â˜•â˜•ğŸ‘ˆğŸŒ¹ğŸ‘Œï»¿,3 weeks ago,0,No video
Anvarsk Anvarsk,so cuotï»¿,1 month ago,2,No video
Balwinder addiwal Singh 1993,ğŸ’£ğŸ’£ğŸ’£ğŸ’ğŸï»¿,1 month ago,1,No video
Vishnu priya,ğŸ‰ğŸ‰National candy ğŸ¬ day ğŸ«ğŸ¬ğŸ­ğŸ°ğŸ°ğŸ‚ğŸ‚ğŸ‰ğŸ‰ğŸ˜ğŸ˜ï»¿,1 month ago,1,No video
il kouraoui mohamed,Ø®ØªÙŠ Ø¯ÙŠØ±Ùˆ Ø¬ÙŠÙ… ÙÙŠ Ø§Ù„Ù‚Ù†Ø§Øª Ø¥Ø¯ÙŠØ§Ù„ÙŠï»¿,1 month ago,1,No video
MAA ahmed,5870 no more levelsï»¿,3 weeks ago,0,No video
osman Ã§oban,45 levels are not enough for me to ask for more levelsï»¿,3 weeks ago,0,No video
Bhumika Pawar,Fabulousï»¿,3 weeks ago,0,No video
Loup Renault,ğŸŒˆJe suis vraiment dingue de ce jeuğŸ¤©ğŸ˜œ ğŸ˜‚ğŸ¤ªğŸ¤£ğŸ¤¯ğŸ˜¤ğŸ¤«ï»¿,1 month ago,0,No video
Shea Jackman,ğŸ¤¤ğŸ¤¤ğŸ¤¤ï»¿,1 month ago,0,No video
Sima Sahoo,Omgï»¿,1 month ago,0,No video
tyler finch,SWEETï»¿,1 month ago,0,No video
Fausto Alves Dos Santos,ğŸ‘ğŸ‚ğŸ‚ğŸ‚â£ï»¿,1 month ago,0,No video
K13rAnW3AvEr05,Bring back the old candy crush map design where things where mysterious it was so much betterï»¿,1 month ago,0,No video
bigfacehunter Beven,ğŸ˜‹ï»¿,1 month ago,0,No video
bigfacehunter Beven,"OMG, I wanna eat it.ğŸ˜‹ï»¿",1 month ago,0,No video
Ø§Ù„Ù‚Ù†Ø§Ø¹Ø© ÙƒÙ†Ø² Ù„Ø§ ÙŠÙÙ†ÙŠ,J'aime trop ce jeu ğŸ˜ŠğŸ¤©ğŸ’ğŸ’–ğŸ’–ğŸ’ğŸ’â¤â¤ğŸ¥°ï»¿,1 month ago,0,No video
uni kitty cats camanzo,OMG  !!!!!!  \(â¤wâ¤)/ï»¿,1 month ago,0,No video
Kolampi Music 5.1,à´®à´§àµà´°à´®àµ‚à´±àµà´‚ à´•àµà´¯à´¾àµ»à´¡à´¿à´¸àµ ğŸ­ğŸ­ğŸ­ğŸ¬ğŸ¬ğŸ¬ğŸ¬ğŸ¡ğŸ¡ğŸ¡ğŸ¡ğŸ©ğŸ©ğŸ©ï»¿,1 month ago,0,No video
Filipa Castelo Branco,I loveï»¿,1 month ago,0,No video
Hakeem Johnson,Fully candyğŸ˜ğŸ˜ğŸ˜ï»¿,1 month ago,0,No video
Sakthi Ammu,Goodï»¿,1 month ago,0,No video
Chetan Sharma,Goodï»¿,1 month ago,0,No video
abhi n,Wowï»¿,1 month ago,0,No video
Antonia Ignacio,Cool ğŸ˜ I'll try ğŸ˜²ï»¿,1 month ago,0,No video
AM vs PM,Awesomeï»¿,1 month ago,0,No video
Linda Ward,No I missed ouï»¿,1 month ago,0,No video
Alejandro Flores Ramos,Gracias yo tengo candy crushï»¿,1 month ago,0,No video
Senzo Benedict,High bloodï»¿,1 month ago,0,No video
osman Ã§oban,5825 Ä°raqï»¿,1 month ago,0,No video
Hasta Magar,wowï»¿,1 month ago,0,No video
Isabel Mendivil,Yummyï»¿,1 month ago,0,No video
Bablu Yadav,Superï»¿,1 month ago,0,No video
Game Play356,Sweetï»¿,1 month ago,0,No video
Vijay Waghdhare,Goodï»¿,1 month ago,0,No video
Rimlye Arrie,TastyğŸ°ğŸ°ğŸ°ï»¿,1 month ago,0,No video
manuel gonzales,Â¡Delicious!ï»¿,1 month ago,0,No video
yousuf basha,so cuteï»¿,1 month ago,0,No video
Tania Tania,Wowï»¿,1 month ago,0,No video
Yash Barochia,Sugar Crush ğŸ¬ğŸ¬ï»¿,1 month ago,0,No video
Reyhan ramadhan,Enak bangetï»¿,1 month ago,0,No video
Tusharkanta Martha,I like it too much...ï»¿,1 month ago,3,https://youtube.com/watch?v=MoywXRdQ-Ic
Magali Marcelin,Ã©cran noir! que faire !?ï»¿,1 month ago,1,https://youtube.com/watch?v=MoywXRdQ-Ic
Mohamad Samara,Ø­Ù„ÙˆÙ‡ ÙƒØªÙŠØ± Ø¨ØªØ¬Ù†Ù† Ø¨Ø³ Ù†ÙØ³ÙŠ Ø§ØªØ²ÙŠØ¯Ùˆ Ø§Ø±ÙˆØ§Ø­ ÙˆØ§Ù„ÙˆÙ‚Øª ÙÙŠ Ø§Ù„Ù…Ø±Ø­Ù„Ù‡ Ø§Ù„ØµØ¹Ø¨Ù‡ ÙƒØªÙŠØ± Ù‚Ù„ÙŠÙ„ ÙŠØ¹Ù†ÙŠ Ù…Ø§ Ù…Ø¹ÙŠ Ø§Ø±ÙˆØ§Ø­ ÙˆÙ„Ø§ Ù…Ø³Ø§Ø¹Ø¯Ø§Øª ÙƒÙ„Ù‡Ø§ Ø§Ø³ØªØ®Ø¯Ù…ØªÙ‡Ø§ Ø§Ù„Ø±Ø¬Ø§Ø¡ Ø§Ù„Ø¥Ù‡ØªÙ…Ø§Ù… ÙˆØ´ÙƒØ±Ø§ Ù„ÙƒÙ…ï»¿,1 month ago,1,https://youtube.com/watch?v=MoywXRdQ-Ic
il kouraoui mohamed,Ø®ÙˆØªÙŠ Ø¹ÙÙƒÙ… Ø¹ÙˆÙ†Ù† Ù†ÙˆØµÙ„ 100 Ø¬ÙŠÙ… ÙÙŠ Ø§Ù„Ù‚Ù†Ø§Øª Ø¥Ø¯ÙŠØ§Ù„ÙŠ  Ø£Ø´ÙƒØ±Ø§Ø§ï»¿,1 month ago,1,https://youtube.com/watch?v=MoywXRdQ-Ic
GitMaster,Candy crush is a wonderful mobile appï»¿,1 week ago,0,https://youtube.com/watch?v=MoywXRdQ-Ic
pedro Aguirre suria,Verygooodï»¿,3 weeks ago,0,https://youtube.com/watch?v=MoywXRdQ-Ic
Eldor Jumanazarov,2951 Ğ¿Ğ¾Ğ¼Ğ¾Ğ³Ğ¸ Ğ¼ĞµĞ½Ñï»¿,4 weeks ago,0,https://youtube.com/watch?v=MoywXRdQ-Ic
Isabel Mendivil,I love cakesï»¿,1 month ago,2,No video
Erick D,5690 niveles ğŸ‡²ğŸ‡½ï»¿,1 month ago,2,No video
Mercedes Santillan Sosa,I Love Tiffiâ¤ï¸ï»¿,1 month ago,2,No video
Panda Marbun,Wow completed level 5780 ğŸ‡®ğŸ‡©ï»¿,1 month ago,1,No video
D Trombett,Okï»¿,1 month ago,1,No video
Venu Pawanisam Pawanisam,My leval 5690...ğŸ‡®ğŸ‡³ğŸ‡®ğŸ‡³ğŸ‡®ğŸ‡³ğŸ‡®ğŸ‡³ï»¿,1 month ago,1,No video
Vishnu priya,ğŸ‰ğŸ‰I ğŸ˜ love this game ğŸ« ğŸ« ğŸ¬ğŸ¬ğŸ­ğŸ­ğŸğŸğŸ‰ğŸ‰ï»¿,1 month ago,1,No video
Zoya Khan,My fav. GameğŸ˜ï»¿,1 month ago,1,No video
yousuf basha,candy-crush saga my level is 5690ï»¿,1 month ago,1,No video
Mavas Mukesh,My levels 5870 Done very niceï»¿,1 month ago,0,No video
Essam Roof,En iyi gÃ¼zellikï»¿,1 month ago,0,No video
Abdulnaseem Khan,Abdul naseemï»¿,1 month ago,0,No video
MOHIT SINGH Tomar,My level 34 56 from IndiağŸ‡®ğŸ‡³ğŸ‡®ğŸ‡³ğŸ‡®ğŸ‡³ï»¿,1 month ago,0,No video
Neval Sezer,Oyundan soyuttunuzï»¿,1 month ago,0,No video
Guertys Lara,Reyvic ğŸ˜ğŸ¤‘ğŸ¤ ğŸ¤ ğŸ¤ ğŸ¤ ï»¿,1 month ago,0,No video
Yogesh joshi,My favourite game is candy crush saga ğŸ¬ğŸ©ğŸ­ğŸ©ğŸ¬ğŸ­ and my level 2466ğŸ˜ğŸ˜ğŸ˜ï»¿,1 month ago,0,No video
Rakhi Meta,ğŸ˜ğŸ˜ğŸ¥³ğŸ¥³ï»¿,1 month ago,0,No video
Martha Maake,Iâ€™m at level 1354ğŸ’ğŸ’•ï»¿,1 month ago,0,No video
Vignesh V,I Love this game candy  ğŸ°ğŸ«ğŸ©crushğŸ‘ğŸ˜˜ï»¿,1 month ago,0,No video
Sneha Gupta,My level is also 5690ï»¿,1 month ago,0,No video
Mohamed Mohsen,I'm from Egypt I love candy crushï»¿,1 month ago,0,No video
Ximena Secundino,988566 tereto a comer cocinadaï»¿,1 month ago,0,No video
Gina Agbovi,I love it but in Africa. It my favoriteï»¿,1 month ago,0,No video
shakar din,Hiï»¿,1 month ago,0,No video
Baba shyam Ka deewana,"5126,ğŸ‡®ğŸ‡³ğŸ‡®ğŸ‡³ğŸ‡®ğŸ‡³ğŸ‡®ğŸ‡³

candy crush
But no have gifts ..
No have extra hours.
Very sad..ï»¿",1 month ago,0,No video
Jan Pierre Buaron,Yummy!ï»¿,1 month ago,0,No video
Gobind Singh,Very nice this gameï»¿,1 month ago,0,No video
Heather Janvier,Coolï»¿,1 month ago,0,No video
Tamanna Khatoon,My favorite gameï»¿,1 month ago,0,No video
salman 143az,Nayjï»¿,1 month ago,0,No video
Dipak Subedi,5690 cont. from nepalğŸ‡³ğŸ‡µï»¿,1 month ago (edited),0,No video
Katharina Klein,I love Candy Crush Sagaï»¿,1 month ago,0,No video
Há»’NG Ãnh,candy crushï»¿,1 month ago,0,No video
Kanakavalli Govindarajan,Candy Crush Saga my le el is 5690 waiting to continue. Pls release as early as possibleï»¿,1 month ago,0,No video
Há»’NG Ãnh,ğŸ˜–ğŸ™ƒğŸ˜”ğŸ˜•ğŸ˜”ğŸ˜´ğŸ™ğŸ˜ŒğŸ˜ğŸ˜¥ğŸ™ğŸ˜•ğŸ˜ŒğŸ˜œğŸ˜¥ğŸ˜£ğŸ˜ŒğŸ˜®ğŸ˜œï»¿,1 month ago,0,No video
Há»’NG Ãnh,candy crush saga officialï»¿,1 month ago,0,No video
Amit Kumar,My favouriteï»¿,1 month ago,0,No video
Kshamita Padyal,Yay!ğŸ˜„ğŸ˜„ğŸ˜„i am so excited for this celebrationï»¿,1 month ago,0,No video
Hakeem Johnson,I like kakesï»¿,1 month ago,0,No video
Filipa Castelo Branco,I love this Gameï»¿,1 month ago,0,No video
Sheeda Tali,My candy crush 4040 From ISLAMABADï»¿,1 month ago,0,No video
Edson Antonio,"Estou na 5690, continua?ï»¿",1 month ago,0,No video
Premium Taxi AirPort,My favorite game Iâ€™m in level 5416ï»¿,1 month ago,0,No video
osman Ã§oban,level is 5690 from Ä°raqï»¿,1 month ago,0,No video
Mayrita Velastegui,Deliciosoï»¿,1 month ago,0,No video
Hashem Azzam,I'm like this gameï»¿,1 month ago,0,No video
Neha Prabhu,What about  players in india??ï»¿,1 month ago,0,No video
White Cat,WooooooooğŸ¬ğŸ§ğŸ­ğŸ¨ğŸ©ğŸ¬ğŸ‚ğŸ§ğŸ¯ğŸªğŸ°ğŸ¥§ğŸ¦ğŸ¨ğŸ§ğŸ¥®ğŸ¬ğŸ­ğŸ§ğŸ¨ğŸ¡ğŸ¥ğŸ¦ğŸ¦ï»¿,1 month ago,0,No video
Corazon Ballesteros,How can i have that candy i'm in the PHILIPPINES? THANKS!ï»¿,1 month ago,0,No video
Arije kafayat Oluwatoyosi,What about we in Nigeriaï»¿,1 month ago,0,No video
ZUFLU NICE,Verryyy goood Â¡SWET!ğŸ˜ŠğŸ˜ŠğŸ¤©ğŸ¤©ğŸ¤©ğŸ’•ğŸ’•ğŸ­ğŸ­ğŸ­ğŸ¬ğŸ¬ğŸ«ï»¿,1 month ago,0,No video
PipitTurahani Ch,"Love this game
I have fun everday
ThanksğŸ™ğŸ™ Candycurshï»¿",2 months ago,8,No video
PipitTurahani Ch,"25 october 2019

My level 4334 âœ…ï»¿",2 months ago (edited),4,No video
Suu Hoang,My level 1601âœ…ï»¿,2 months ago (edited),4,No video
Mafijul love,candy new version online all playerï»¿,2 months ago,4,No video
Deva Kumar,My leval 1500ï»¿,2 months ago,3,No video
Waseem Fida,5665ï»¿,2 months ago,3,No video
osman Ã§oban,My level is5645ï»¿,2 months ago,3,No video
Hasan roster,my level is 1050 âœ…ï»¿,2 months ago,3,No video
LÃ¢m kids,My level 5565ï»¿,2 months ago,2,No video
M.haikal Chenel668,My level #5645ï»¿,2 months ago,2,No video
Hakeem Johnson,Awesome candy online winnerï»¿,2 months ago,2,No video
Panda Marbun,"For while maybe I'm the winner from Indonesian, completed level 5645ğŸ‡®ğŸ‡©ï»¿",2 months ago,2,No video
Vijay Waghdhare,Candy crush saga level 5645ï»¿,2 months ago,2,No video
yousuf basha,my level is 5645ï»¿,2 months ago,2,No video
Isha Thakor,My level 1234ï»¿,1 day ago,0,No video
Rajesh reddy,"I won 5745.
Still waiting new episodes. 
Without any buyï»¿",1 month ago,0,No video
Deepak Tiwari,Neelm tiwari prayagrajï»¿,1 month ago,0,No video
farhan. fayadh,Luke mazingï»¿,2 months ago,0,No video
farhan. fayadh,ğŸ‘»â˜ ï¸ğŸ’€ï»¿,2 months ago,0,No video
farhan. fayadh,Candy crush haloween scaryï»¿,2 months ago,0,No video
Priya Islam,Wowï»¿,2 months ago,0,No video
las travesuras dÃ© pupy funny dogs,Wow video wow candy crush is my feivory game    is candy crushï»¿,2 months ago,0,No video
abu rajjak,4050ï»¿,2 months ago,0,No video
Dharmendra Kumar,My leval 800ï»¿,2 months ago,0,No video
suhani salvi,Level 1963ï»¿,2 months ago,0,No video
alex 93,CCS level1580ï»¿,2 months ago,0,No video
Hakeem Johnson,Fun yetti sweetyï»¿,2 months ago,2,No video
Mafijul love,me candy friendsï»¿,2 months ago,2,No video
Raja kumari.v,7 brosï»¿,2 months ago,2,No video
Panda Marbun,Amazing completed level 5690ï»¿,2 months ago,1,No video
Panda Marbun,For while I'm the winner from Indonesia completed level 5645ğŸ‡²ğŸ‡¨ï»¿,2 months ago,1,No video
Ajay Kumar,7 differenceï»¿,2 months ago,1,No video
Nurettin Ã‡elik,OOWOSKWOAOAIDJISISIWï»¿,1 month ago,0,No video
Tina Marie Herreman,6ï»¿,1 month ago,0,No video
Tina Marie Herreman,5ï»¿,1 month ago,0,No video
Tina Marie Herreman,"Eyes, straw, cupcake, screen, thing on floorï»¿",1 month ago,0,No video
Joseph M,I spotted 6ï»¿,2 months ago,0,No video
anil kumar,7ï»¿,2 months ago,0,No video
Jugun Majhi,7ï»¿,2 months ago,0,No video
Md Abbas Uddin,My lavel 4280ï»¿,2 months ago,0,No video
Joanne Wright,8ï»¿,2 months ago,0,No video
eesa670,Sevenï»¿,2 months ago,0,No video
Tina,7...ï»¿,2 months ago,0,No video
Bobina Peter,7ï»¿,2 months ago,0,No video
Hamza Ashraf,7ğŸ˜‰ï»¿,2 months ago,0,No video
Vinit Kumar,Ka ho taï»¿,2 months ago,0,No video
Neha Prabhu,7ï»¿,2 months ago,0,No video
Nurse Cindy 1983,7ï»¿,2 months ago,0,No video
Meena A,7ï»¿,2 months ago,0,No video
giveaway happy,Really â˜ºï»¿,2 months ago,0,No video
Hamza Ashraf,ğŸ‡µğŸ‡°ğŸ‡µğŸ‡°ğŸ‡µğŸ‡°âœŒâœŒâœŒâœŒâœŒâœŒï»¿,2 months ago,0,No video
Kansinghi Live ğŸš©,India I Love Itï»¿,2 months ago,3,No video
Raja kumari.v,INDIA CHENNAI ğŸ‡®ğŸ‡³ï»¿,2 months ago,3,No video
yogesh sawant,Indiaï»¿,2 months ago,3,No video
Hhosam Mmosa,Ø§Ù„Ø±Ø¬Ø§Ø¡ Ø§Ù„ØªØ±Ø¬Ù…Ø© Ø¥Ù„Ù‰ Ø§Ù„Ø¹Ø±Ø¨ÙŠØ©ï»¿,2 months ago,2,No video
atiq khamdi,Jakarta Indonesiaï»¿,2 months ago,2,No video
Hamza Ashraf,Pakistan Riksha ğŸ˜„ï»¿,2 months ago,2,No video
anil kumar,Indiaï»¿,2 months ago,1,No video
Anoushka Pandey,He is in India because that's rickshaw !!ï»¿,2 months ago,1,No video
Elaine Dowuona,Africaï»¿,2 months ago,1,No video
giveaway happy,HeyğŸ˜Šï»¿,2 months ago,1,No video
Jashy Hashim,India.. Autorickshaw..ï»¿,2 months ago,1,No video
Adriana Paz,Mototaxi !!!!â¤â¤â¤ğŸ‡µğŸ‡ªğŸ‡µğŸ‡ªğŸ‡µğŸ‡ªï»¿,2 months ago,1,No video
N.Kukov 2,"Taxi, I guess.ï»¿",2 months ago,1,No video
eesa670,India!!!!ï»¿,2 months ago,1,No video
Rakesh,I love indiaï»¿,2 months ago,0,No video
Levi Mayhem Prod.,Tokyoï»¿,2 months ago,0,No video
osman Ã§oban,Iraq 5555ï»¿,2 months ago,0,No video
Avalon Nitura,Philippinesï»¿,2 months ago,0,No video
Vandana Mehta,India  in Autoriksha ğŸ¤£ğŸ¤£ğŸ˜‰ï»¿,2 months ago,0,No video
Panda Marbun,"Finished level 5555, loved candy crush SagağŸ‡²ğŸ‡¨âœˆï»¿",2 months ago,1,No video
Redmi Play,Ğ¢Ñ‹ Ğ·Ğ½Ğ°ĞµÑˆÑŒ Ğ½Ğ° Ñ€ÑƒÑÑĞºĞ¾Ğ¼ï»¿,2 months ago,1,No video
Redmi Play,Rahiï»¿,2 months ago,1,No video
Redmi Play,Esssssï»¿,2 months ago,1,No video
Ijaz Muhammad,I love candy crush ğŸ˜â¤ï¸ï»¿,2 months ago,1,No video
Mavas Mukesh,My levels candy crush saga 5555 Doneï»¿,2 months ago,0,No video
ZUFLU NICE,SWEEEEETğŸ˜ğŸ‘ğŸ­ğŸ¬ğŸ¬ğŸ«ğŸ§ğŸ§ğŸ¯ï»¿,2 months ago,0,No video
Kholipah Eva,Saya kehilangan playing untuk video candy crus sagaï»¿,2 months ago,0,No video
Ema Asmadi,ğŸ¤—ğŸ¤—ğŸ¤—ğŸ¤—ï»¿,2 months ago,0,No video
AnanDa Game,I Love Candy Crushï»¿,2 months ago,0,No video
Hakeem Johnson,Candy crushï»¿,2 months ago,0,No video
Hamza Ashraf,ğŸ¦ğŸ¦ğŸ¦ğŸ¦ğŸ¦ğŸ¦ğŸ¦ğŸ¦ğŸ¦ğŸ¦ğŸ¦ğŸ¦ğŸ¦ğŸ¦ğŸ¦ï»¿,2 months ago,0,No video
Ù…Ø­Ù…Ø¯ Ø§Ù„Ø³Ù„ÙˆØ§Ø¯ÙŠ,ğŸ¤©ğŸ¤©ï»¿,2 months ago,0,No video
Maham Maqbool,2600ğŸ™ˆğŸ™ˆğŸ™ˆğŸ™ˆï»¿,3 months ago,3,No video
*à´¸àµ†à´®àµ€àµ¼ AP*,I am 5000ï»¿,3 months ago,3,No video
Murti,I am at 4333 âœŒğŸ¾ï»¿,3 months ago,3,No video
Panda Marbun,"Who can challenge to reach level 5510 in this day without loosing 45 stage ? I thought I'm the first winner now, date 2 OCT 2019, 20.00ï»¿",2 months ago,2,No video
AnanDa Game,"Game favorit saya di facebook,thanksï»¿",2 months ago,2,No video
Sheeda Tali,my level 2368ï»¿,2 months ago,2,No video
Km Rajaji,5465ï»¿,2 months ago,2,No video
Ashok H.p,5465ï»¿,3 months ago,2,No video
Mercedes Santillan Sosa,I love Tiffiï»¿,3 months ago,2,No video
anil kumar,5465ï»¿,3 months ago,2,No video
osman Ã§oban,5465ï»¿,3 months ago,2,No video
Chandu Samaj,4152ï»¿,3 months ago,2,No video
ivy riyanti simatupang,"I'm at  level 5465
8.24 pm.Kuala lumpur #malaysiaï»¿",3 months ago (edited),2,No video
Germain Tienda,5465ï»¿,3 months ago,2,No video
Ù…Ø­Ù…Ø¯ Ø§Ù„Ø³Ù„ÙˆØ§Ø¯ÙŠ,Ù¤Ù Ù¡Ù ï»¿,3 months ago,2,No video
Ãƒey AfRaÃ±,Ayy ta kii vaii candy crush. ğŸ¬ğŸ­ï»¿,3 months ago,2,No video
il kouraoui mohamed,Tooooooooooooopï»¿,1 month ago,1,No video
giveaway happy,My level loest 555 ğŸ˜¢ï»¿,2 months ago,1,No video
Hakeem Johnson,Halloween full of ğŸ¬ chandyï»¿,2 months ago,1,No video
Raffaele by EMME due oh,My level 89ï»¿,2 months ago,1,No video
Sheeda Tali,I love candy crush saga Gameï»¿,2 months ago,1,No video
Ajay Kumar,I am very excited for this fall seasonï»¿,2 months ago,1,No video
Md Abbas Uddin,4320 *Ø§ÙÙ„Ø³Ù‘ÙÙ„Ø§ÙÙ…Ù Ø¹ÙÙ„ÙÙŠÙ’Ù€Ù€Ù€Ù€Ù€Ù€Ù€Ù€Ù€Ù€Ù€Ù€Ù€Ù€Ù€Ù€Ù€ÙƒÙÙ…Ù’ ÙˆÙ Ø±ÙØ­Ù’Ù…ÙØ©Ù Ø§Ù„Ù„Ù‘ÙÙ‡Ù ÙˆÙ Ø¨ÙØ±ÙÙƒÙØ§ØªÙÙ‡Ù.*ï»¿,3 months ago,1,No video
Yunus Yunus,12.000ï»¿,3 months ago,1,No video
Lorena V. Vasquez P.,Ithibï»¿,3 months ago,1,No video
Shakeel Saifi,1692ï»¿,2 months ago,0,No video
xXEsJhonnyMÃºsicaXx EspaÃ±ol Latino,This is coolï»¿,3 months ago,0,No video
Maciej Lewczuk,Polandï»¿,3 months ago,5,No video
OPRESEK,poland or arcticaï»¿,3 months ago,3,No video
Apin Wang,INDONESIAï»¿,3 months ago,3,No video
abu rajjak,indiaï»¿,3 months ago,2,No video
Raju B Raju Mane,Indiaï»¿,3 months ago,2,No video
OPRISEN,POLAND!+!ï»¿,3 months ago,1,No video
suresh sg,INDIA KERALAï»¿,3 months ago,1,No video
Ema Asmadi,Malaysia!ï»¿,3 months ago,1,No video
Jefferson Barahona,"I love candy crush,is the bestï»¿",3 months ago,1,No video
Panda Marbun,"âœˆğŸ‡²ğŸ‡¨ Indonesia, completed level 5555ï»¿",2 months ago,0,No video
Abdou Abouzour,Marocï»¿,2 months ago,0,No video
rioscbr Rios,Japonï»¿,3 months ago,0,No video
Sheeda Tali,DUBAIï»¿,3 months ago,0,No video
Ajaya Sahoo,Singapore....My level 4292ï»¿,3 months ago,0,No video
Germain Tienda,"Candyyyyyyyyy !!!!!
Come on King!!!!ï»¿",3 months ago,0,No video
Yajaira Martinez,RDï»¿,3 months ago,0,No video
latifa ahmine,IM Morocco I Love candy crashï»¿,3 months ago,0,No video
DirekPL,I seee and I think ppolandï»¿,3 months ago,0,No video
Md Tauhid Alam,Delhi. Indiaï»¿,3 months ago,0,No video
Hamza Ashraf,Pakistan ğŸ‡µğŸ‡°ï»¿,3 months ago,0,No video
Sesil Cans,Indonesia ğŸ‡®ğŸ‡©ï»¿,3 months ago,0,No video
Julianto Eng,Indonesiaï»¿,3 months ago,0,No video
Rakesh,Hiiiï»¿,3 months ago,0,No video
Desiri Shank,Alaskaï»¿,3 months ago,0,No video
May Creations,Miamiï»¿,3 months ago,0,No video
Shaziya Manzoor,Korea to meet Lisa and jisoo â¤ï¸â¤ï¸â¤ï¸ï»¿,3 months ago,0,No video
Shaziya Manzoor,Korea to meet Lisa and jisooï»¿,3 months ago,0,No video
Aliya Shami,Uzbekistanï»¿,3 months ago,0,No video
ina Fitriani,INDONESIAï»¿,3 months ago,0,No video
shahzad Roy,Pakistanï»¿,3 months ago,0,No video
sndi sndi,Wow vare goodğŸ˜ŠğŸ˜ŠğŸ˜Šï»¿,3 months ago,0,No video
KING Emerald,Wow!!ï»¿,3 months ago,0,No video
hazhar anwar,ğŸ’š ğŸ’“ ğŸ’ ğŸ’– ğŸ’ ğŸ’• ğŸ’šï»¿,3 months ago,0,No video
ASIM KHAN,Indiaï»¿,3 months ago,0,No video
chr m,Yeti is a he? ğŸ˜±ï»¿,3 months ago,0,No video
Benton Boys,Heyï»¿,3 months ago,0,No video
Fanny Ortega,Me gusta Candy Crush viciosaï»¿,3 months ago,0,No video
Ajit Patra,Indiaï»¿,3 months ago,0,No video
Ganesh Khatiwada,Nepalï»¿,3 months ago,0,No video
Saida Averty,Franceï»¿,3 months ago,0,No video
Saleem Khan,IM Pakistani  4000 gameï»¿,3 months ago,0,No video
Md Abbas Uddin,Soudi arobï»¿,3 months ago,0,No video
Bablu Faridi,Hiï»¿,3 months ago,0,No video
Renu Anil,Indiaï»¿,3 months ago,0,No video
Nei Cabral,Eu queroï»¿,3 months ago,0,No video
Leyla Zerbiyeva,â˜…BAKI â˜… AZERBAYCANâ˜…ï»¿,3 months ago,0,No video
M R,Britainï»¿,3 months ago,0,No video
Ionilda Xavier,Eu quero ğŸ˜ğŸ˜ğŸ˜ğŸ˜ï»¿,3 months ago,0,No video
Daleep candy crush,I am complet level 5000 Candy crushï»¿,3 months ago,6,No video
Bobbi Bowden,That bubblegum is a good ideaï»¿,3 months ago,5,No video
Hamza Ashraf,â¤â¤â¤â¤â¤â¤â¤â¤â¤â¤â¤ğŸ­ğŸ­ğŸ­ğŸ­ğŸ­ğŸ­ğŸ­ğŸ­ğŸ­ğŸ¬ğŸ¬ğŸ¬ğŸ¬ğŸ¬ğŸ¬ğŸ¬ğŸ¬ğŸ©ğŸ©ğŸ©ğŸ©ğŸ©ğŸ©ğŸ©ğŸ©ğŸ«ğŸ«ğŸ«ğŸ«ğŸ«ğŸ«ğŸ«ğŸ«ğŸ«ğŸ«ğŸ«ğŸ«ï»¿,3 months ago,5,No video
anil kumar,Niceï»¿,3 months ago,3,No video
é™å„¿ t,Goodï»¿,3 months ago,3,No video
sndi sndi,Vare nice ğŸ‘…ğŸˆğŸ‚ğŸ¨ğŸ‰ğŸ€ğŸ­ğŸ¬ğŸ«ï»¿,3 months ago,3,No video
gege cal,"Si cute
ğŸ‘‡ï»¿",3 months ago,3,No video
Panda Marbun,Nice..yes completed level 5375 ğŸ‡²ğŸ‡¨âœˆï»¿,3 months ago,2,No video
Battal Usta,Battal ustaï»¿,3 months ago,2,No video
Baljit Mand,Wadia Candy Crush Candy Crushï»¿,3 months ago,2,No video
kitty cat gaming,Amazing!!ï»¿,3 months ago,1,No video
masud rahman,I am complete 3810ï»¿,3 months ago,0,No video
Faran shahnawaz,Faran Shahnawazï»¿,3 months ago,0,No video
Ù†ÙˆØ±Ø© Ø³ØªÙˆØ¨,Love Jisoo ğŸ˜ğŸ¥°ğŸ˜˜ğŸ’œğŸ’œï»¿,3 months ago,14,No video
à¸ªà¸¸à¸à¸£à¸£à¸“à¸µ à¸šà¸¸à¸•à¸£à¸›à¸£à¸°à¹‚à¸„à¸™,love lisağŸ˜ğŸ˜ğŸ˜ï»¿,3 months ago,11,No video
LUDuyÃŠn,Lisoo is realï»¿,3 months ago,8,No video
Don Wotulo,Jisoo & Lisa ğŸ’–ğŸ’–ğŸ’–ğŸ’–ï»¿,3 months ago,6,No video
anh duy,Fall in love ğŸ˜ğŸ˜ï»¿,3 months ago,5,No video
1426 1426,ğŸ˜„ğŸ˜„ğŸ˜„ï»¿,3 months ago,4,No video
Quiet Blink,Lisoo love lotsğŸ¥°ï»¿,3 months ago,3,No video
Maya Puspita,Chuuu ğŸ˜ï»¿,3 months ago,2,No video
Mouhamed Lali,Love yourï»¿,1 month ago,1,No video
Camille Torres,Beautiful alwaysğŸ’—ğŸ’—ğŸ’—ï»¿,3 months ago,1,No video
AnanDa Game,as beautifulï»¿,3 months ago,1,No video
mehmet,SakÄ±z cÃ¼cesi ve olivia etkinliÄŸi tekrar gelsinï»¿,3 months ago,1,No video
à¸ªà¸´à¸£à¸´à¸™à¸¸à¸Š à¸™à¸™à¸•à¸£à¸°à¸­à¸¸à¸”à¸£,Yes I like this lisooğŸ˜ğŸ’œğŸ’›ï»¿,3 months ago,1,No video
rizza dimalanta,jisooï»¿,3 months ago,1,No video
Fidan Abdullayeva,SO CUTE CANDY CRUSH BLACKPINKğŸ˜ğŸ˜ğŸ˜ğŸ’ŸğŸ’ŸğŸ’•ğŸ’–ğŸ’“ğŸ’—ğŸ’˜ğŸ’˜ğŸ’˜ï»¿,3 months ago,1,No video
xMisuki,Balckpink in your area ğŸ˜‚ğŸ’œï»¿,3 months ago,1,No video
aderito chauque,"Tenho uma Boa notÃ­cia famÃ­lia, terminei o Candycrush saga.
Estou na fase 5285
I have good family news, I finished the Candycrush saga.
I'm at phase 5285ï»¿",3 months ago,1,No video
Panda Marbun,Wow I needed level 5331 coming soonğŸ‡²ğŸ‡¨ï»¿,3 months ago,0,No video
chinita 67,Jisoo is so adorable!ï»¿,3 months ago,0,No video
Murad Ali,â¤â€à¹‘â–¬â–¬à¹‘â™¥Û©niceÛ©â™¥à¹‘â–¬â–¬à¹‘â€â¤ï»¿,3 months ago,0,No video
Murad Ali,â™¥ï¸â”‰â”…â”â€ê§Ï‰âÏ‰ê§‚â€â”â”…â™¥ï¸ï»¿,3 months ago,0,No video
Murad Ali,Wowwï»¿,3 months ago,0,No video
Muluslus Chandra,Queeensï»¿,3 months ago,0,No video
jichu's heartlips,Jisoo ğŸ˜ğŸ˜ğŸ˜ğŸ˜ğŸ˜ï»¿,3 months ago,0,No video
Yoels Lieta,Lisooâ¤â¤â¤ï»¿,3 months ago,0,No video
Yoels Lieta,Lisooï»¿,3 months ago,0,No video
Anush Kayastha,#blinks love lisooâ¤â¤ï»¿,3 months ago,0,No video
Luis Rocha,LOVE JISOO â¤ï¸â¤ï¸â¤ï¸ï»¿,3 months ago,0,No video
Aprilia 1234,Lisa and jisooğŸ˜ğŸ˜ğŸ˜ğŸ˜ï»¿,3 months ago,0,No video
Jenlisa Jennie,Where is Chaennie?ï»¿,3 months ago,0,No video
Apin Wang,Hiï»¿,3 months ago,0,No video
angelica paliza,lisooo!ğŸ˜ƒğŸ˜ƒğŸ˜ƒï»¿,3 months ago,0,No video
natcha teesee,â¤ï¸â¤ï¸ï»¿,3 months ago,0,No video
The Boss,Add more level Iâ€™m in 5285ï»¿,3 months ago,0,No video
Eknath Patil,Niceï»¿,3 months ago (edited),0,No video
NoahDaGamer,I used the candy to destroy the candyï»¿,3 months ago,0,No video
Yunus Yunus,whatï»¿,3 months ago,0,No video
namiq Ibrahimov,Guzelï»¿,3 months ago,0,No video
ÙØ§Ø±Ø³ Ø§Ù„Ø¹Ù†Ø²ÙŠ,La pets are catching 15ï»¿,3 months ago,0,No video
anil kumar,Niceï»¿,3 months ago,0,No video
Desak Gita,Cepet dongï»¿,3 months ago,0,No video
ASIM KHAN,Niceï»¿,3 months ago,0,No video
Kim Siham,THEY LOVE CANDY CRUSH ğŸ˜ğŸ˜ï»¿,3 months ago,1,https://youtube.com/watch?v=eDCvnu33VLc
Panda Marbun,"Great , finally completed level 5435 yesssï»¿",3 months ago,0,https://youtube.com/watch?v=eDCvnu33VLc
F N,JISOO!!!!! ğŸ¥°ğŸ˜ğŸ’ï»¿,4 months ago,7,No video
niramon parpatpong,Jisooyaaa ğŸ’™ğŸ’šğŸ’›ğŸ’œï»¿,4 months ago,5,No video
Zahir Salehi,Iâ€™m in level 5285 is there anyone reached higher level?ï»¿,4 months ago,3,No video
LO VE,ğŸ’—ğŸ’—ğŸ’—ï»¿,4 months ago,3,No video
Vandana Mehta,ğŸ˜˜ğŸ˜˜ğŸ§ğŸ§ğŸ«ğŸ«ğŸ«ï»¿,4 months ago,3,No video
Maria celoi correo Correae,ğŸ˜‹ğŸ˜™ğŸ˜˜ğŸ˜šï»¿,4 months ago,2,No video
Yudi Kool,ğŸ°ğŸ¢â¤ï»¿,4 months ago,2,No video
Maria Charlotte Perez,jisoo ğŸ’œğŸ’œğŸ’œï»¿,4 months ago,2,No video
anil kumar,I m level 5285ï»¿,4 months ago,2,No video
Noon Hs,Jisoo ğŸ’œï»¿,4 months ago,2,No video
Carmen Vera,Jeheyfuergeyeï»¿,4 months ago,2,No video
namiq Ibrahimov,ğŸ˜ğŸ’‹ğŸ’œï»¿,4 months ago,2,No video
JÃ£o Vitor,Minhas meninas meu jogo ğŸ‡§ğŸ‡·ğŸ’•ğŸ¥€ğŸ¥€ï»¿,4 months ago,2,No video
Hamza Ashraf,â¤â¤â¤â¤â¤ğŸ¬ğŸ­ğŸ«ğŸ¬ğŸ­ğŸ«ğŸ¬ğŸ­ï»¿,4 months ago,2,No video
MegaDaddyRich,ğŸ’–ğŸ’–ğŸ’–ğŸ–¤ğŸ–¤ğŸ–¤ğŸ˜ğŸ˜ğŸ˜ï»¿,4 months ago,2,No video
Ø¹Ø¨Ø¯Ø§Ù„Ù„Ù‡ Ø§Ù„Ø¯Ø³Ù…Ø©,level 5285ğŸ’ªğŸ¼ï»¿,3 months ago,1,No video
Feyza TokluoÄŸlu,JISOO = JICHU=CUTEğŸ¥°ğŸ¥°ğŸ¤—ï»¿,4 months ago,1,No video
Ankush Rajput,Sorry haiï»¿,4 months ago,1,No video
Beauty Valancia,Which one i must to choose for the new one?ï»¿,4 months ago,1,No video
IndrÄ— Mil,Syvipï»¿,4 months ago,1,No video
Panda Marbun,Completed level 5âƒ£2âƒ£8âƒ£5âƒ£ğŸ‡²ğŸ‡¨ï»¿,4 months ago,1,No video
Asgar haruman Setiawan,Jisoo??oh noï»¿,4 months ago,1,No video
Don Wotulo,Jisoo ğŸ’–ğŸ’–ğŸ’–ğŸ’–ï»¿,3 months ago,0,No video
Andrea Pinto,ğŸ˜ŠğŸ˜Šâ˜ºï»¿,4 months ago,0,No video
Battal Usta,Battal ustaï»¿,4 months ago,0,No video
Ankush Rajput,Biï»¿,4 months ago,0,No video
Daleep candy crush,Candy crush complete level 4850ï»¿,4 months ago,0,https://youtube.com/watch?v=SmDz2Ssu9Xc
MegaDaddyRich,ğŸ–¤ğŸ–¤ğŸ’–ğŸ’–ğŸ’–ğŸ˜ğŸ˜ğŸ˜ï»¿,4 months ago,0,https://youtube.com/watch?v=SmDz2Ssu9Xc
Sanjeev Kumar,I completed level 5240 Wednesdayï»¿,4 months ago,5,No video
Lone Warrior,She is Cute!ï»¿,4 months ago,5,No video
Daleep candy crush,I completed level 4815ï»¿,4 months ago,4,No video
Panda Marbun,Nice..completed level 5âƒ£2âƒ£4âƒ£0âƒ£ğŸ‡®ğŸ‡©ï»¿,4 months ago,4,No video
Hibba Khan,I m on1717ï»¿,4 months ago,3,No video
Sonil Sonil,I love it candy crush sagaï»¿,4 months ago,3,No video
t gamer,How to make a post anyway I'm on 480ï»¿,4 months ago,3,No video
Ajit Patra,I complete 5240 levelï»¿,4 months ago,3,No video
Jakir Khan,I am complete 2050 levelï»¿,4 months ago,3,No video
é™å„¿ t,Good!ï»¿,4 months ago,3,No video
TokioJones,Noiceï»¿,4 months ago,3,No video
baba Laadla,I complete level 5096ï»¿,4 months ago,3,No video
Minecraft FoxKiller 3000,Don't Removed Space Boost And Robot Boostï»¿,4 months ago,2,No video
Pavan bagdi,3715 complete âœŒï»¿,4 months ago,2,No video
Hamza Ashraf,Beauty Queen ğŸ‘ï»¿,4 months ago,2,No video
Racharla Rohith,Very niceï»¿,4 months ago,2,No video
Md Abbas Uddin,4257 campeletï»¿,4 months ago,2,No video
Patsy Martin,She is so cute tiffi.ï»¿,4 months ago,1,No video
Desiri Shank,She's absolutely adorable I love the game I have it on three different devices had to start over but I don't mind ğŸ˜Š back up to level 137 I love the challenge I'll get there can't wait to hit 5000ï»¿,4 months ago,1,No video
sndi sndi,Wooooooooow vare vare vare nice and good wooooooowğŸ˜€ğŸ˜€ğŸ˜€ğŸ‘§ğŸ‘§ğŸ‘§ğŸ‘§ğŸ‘¦ğŸ‘¦ğŸ‘¦ğŸ‘¦ğŸ‰ğŸ‰ğŸŠğŸ‚ğŸˆï»¿,4 months ago,1,No video
Om prakash Dayma,Nice gameï»¿,4 months ago,1,No video
Yunus Yunus,my favourite gameï»¿,4 months ago,1,No video
Afroj Aalam,Nice gamesï»¿,4 months ago,1,No video
AliceLovesMOX Forever,Love it!ï»¿,4 months ago,1,No video
CRYS mobil,jï»¿,4 months ago,1,No video
Kamila Kmiecik,Jojijoibï»¿,4 months ago,1,No video
uni kitty cats camanzo,ğŸ˜ your  have  boy friend.   Tiffi?ï»¿,4 months ago,1,No video
Desak Gita,Cepetan dongï»¿,4 months ago,0,No video
anil kumar,I m camplit 5240 levelï»¿,4 months ago,0,No video
Panda Marbun,Completed level 5285ï»¿,4 months ago,0,No video
Bablu Faridi,5220ï»¿,4 months ago,0,No video
Bablu Faridi,I complete 52 20 levelï»¿,4 months ago,0,No video
pinky diger,ChocoLate....Choco Late .... I'm always trying to clear all the ChocoLate butğŸ˜’ğŸ˜£ğŸ˜¤ I'm always Late because I never clear them first tryğŸ˜¤ğŸ˜£ğŸ˜’ . Than also I love Candy Crush Saga ğŸ˜ğŸ˜Šï»¿,4 months ago (edited),9,No video
Rahul Kumar,"What is impossible?
To get a jackpot on spin wheel.ï»¿",4 months ago,8,No video
Nibedita Satpathy,My level is 4138ï»¿,4 months ago,2,No video
Panda Marbun,Wow completely level 5195ğŸ‡®ğŸ‡©..waiting for the next levelï»¿,4 months ago (edited),1,No video
yadla Poojitha,I have completed  my5195 levelï»¿,4 months ago,1,No video
Shivam Bhargava,Pinky colour his very let comingï»¿,4 months ago,1,No video
Ø§Ø¨ÙˆÙ…Ø­Ù…Ø¯ÙŠÙ† Ø§Ù„Ø¹Ø´Ø±Ù‰,4474ï»¿,4 months ago,1,No video
Erick D,5195 level ğŸ˜ğŸ‡²ğŸ‡½ï»¿,4 months ago,1,No video
sndi sndi,Hiii ğŸ«ğŸ«ğŸ«ğŸ«ğŸ«ğŸ«ğŸ«ğŸ«ï»¿,4 months ago,1,No video
Apin Wang,Hiiï»¿,4 months ago,1,No video
s sasane,Hii pinkyï»¿,4 months ago,1,No video
s sasane,Hiiiï»¿,4 months ago,1,No video
Eknath Patil,I have complited 5285 levelsï»¿,3 months ago,0,No video
NoahDaGamer,I want to edit levels on candy crush and I have been waiting to do thatï»¿,4 months ago,0,No video
joemarie richards,My level is 1427 it is very easy to play i love candy crush sagaï»¿,4 months ago,0,No video
Mariela Mendez,Mi level 487ï»¿,4 months ago,0,No video
Eid Eldsouky,Ø§Ø±Ø¬Ùˆ Ø²ÙŠØ§Ø¯Ø© Ø§Ù„Ù…Ø­Ø§ÙˆÙ„Ø§Øª Ø§Ù„ÙŠ 10 ÙˆÙ„ÙŠØ³ 5 Ø§Ù†Ø§ ÙÙŠ Ø§Ù„Ù…Ø³ØªÙˆÙŠ 3083âœŒï»¿,4 months ago,0,No video
Patsy Martin,What kind of candy is never on time chocolate chocolate always late never on time don't know why chocolate is always late and never on time.ï»¿,4 months ago,0,No video
Hamza Ashraf,ğŸ­ğŸ¬ğŸ­ğŸ¬ğŸ­ğŸ¬ğŸ«ğŸ«ğŸ«ï»¿,4 months ago,0,No video
Chandra Sekar Sekar,1000ï»¿,4 months ago,0,No video
Carmen Vera,Yhgï»¿,4 months ago,0,No video
Martijn van Brummelen,NADINE NB 49 Aï»¿,4 months ago,0,No video
SURESH KUMAR,Hi iiiï»¿,4 months ago,0,No video
Venki VS,My candy crush saga  level in 3200ï»¿,4 months ago,0,No video
Gautam Das,I am now on label 3020 .I want to finish all the label.ï»¿,4 months ago,0,No video
Justin Cooper,Hi there ğŸ˜€ï»¿,4 months ago,0,No video
Pol Di,Khï»¿,4 months ago,0,No video
Really 44,Why is it so hard to get the jackpot?ï»¿,4 months ago,13,No video
Panda Marbun,Amazing 5150ğŸ‡®ğŸ‡© finished..waiting for the next âœˆğŸ”ğŸ‡®ğŸ‡©ï»¿,4 months ago,4,No video
ATOZ TECH 3,Hiiï»¿,4 months ago,4,No video
Willian jardim Ferreira,Tem um bug muito estranho no jogo toda vez que eu me conecto no Facebook que acontece um bug estranho a tela fica vende corrigir issoï»¿,4 months ago,2,No video
Hardik  Mehta,"Why is it so hard to get j 
J ?ackpotï»¿",4 months ago,1,No video
Sid Dizon,I'm Level 3784 send life hahaha.. ğŸ‘ ğŸ‘ ğŸ‘ï»¿,4 months ago,1,No video
Abi Chaudhary,Who is has the highest levels in candy crush ....ï»¿,4 months ago,1,No video
Julia A.,Iâ€™m in!ï»¿,4 months ago,1,No video
Ajaruddin S K,Hi..I am interested this game.ï»¿,4 months ago,1,No video
Choton Dutta,I am interested this game and my daughter love this gameï»¿,1 month ago,0,No video
Zahir Salehi,Level 5195 finished waiting for new levels is there anyone reached higher levels?ï»¿,4 months ago,0,No video
Masood Alam,Hiï»¿,4 months ago,0,No video
yadla Poojitha,I had completed  5150 level and waiting hor next levelï»¿,4 months ago,0,No video
Ryan Augusto,Ryan Augusto deï»¿,4 months ago,0,No video
Dandara Martins,AlguÃ©m sabe um macete para ganhar vidas ?ï»¿,4 months ago,0,No video
Dandara Martins,Quero um macete para ganhar vidaï»¿,4 months ago,0,No video
Baba shyam Ka deewana,"Hello frnds ... 
Any now subscribe my chanal plz ... 
Subscribeï»¿",4 months ago,0,No video
Baba shyam Ka deewana,My level 4861 but not received jackpotï»¿,4 months ago,0,No video
Baba shyam Ka deewana,Jackpotï»¿,4 months ago,0,No video
Baba shyam Ka deewana,I want jackpotï»¿,4 months ago,0,No video
Gnanaraj Vana,Samaï»¿,4 months ago,0,No video
sndi sndi,Vare good it's good ğŸ˜ŠğŸ˜Šï»¿,4 months ago,0,No video
waheed zaman,more levlï»¿,4 months ago,0,No video
waheed zaman,5100 levelï»¿,4 months ago,0,No video
Began Nepal,I played this game 2509ï»¿,4 months ago,0,No video
Began Nepal,It's a great gameï»¿,4 months ago,0,No video
Ø³Ù†Ø§Ø¨ Ø§Ù„Ø¹Ø±Ø¨ Arab snaps,Iâ€™m 3050ï»¿,4 months ago,0,No video
Atul Vataliya,"I play level 5125 
So wonderfulï»¿",4 months ago,0,No video
Ù…Ø­Ù…Ø¯ ÙŠÙˆÙ†Ø³,Ø´ÙƒØ±Ø§ Ø¬Ø²ÙŠÙ„Ø§ Ù„ÙƒÙ… Ø¬ÙŠÙ…Ø¹Ø§ ØªÙŠÙ… ÙƒØ§Ù†Ø¯ÙŠ ÙƒØ±Ø§Ø´ï»¿,4 months ago,0,No video
Sabeen Ali,I am level 1801ï»¿,4 months ago,0,No video
Abeeressa Azab,i am level 3140ï»¿,4 months ago,0,No video
Arshiya Hollalkere,I'm playing 2224 levelï»¿,4 months ago,0,No video
Desiri Shank,I'm inï»¿,4 months ago,0,No video
Mario Q,"I play this game for 5 years, and now stuck in level 4628ï»¿",4 months ago,0,No video
Daleep candy crush,I am level 4700ï»¿,4 months ago,0,No video
Md Abbas Uddin,My level 4225ï»¿,4 months ago,0,No video
Hamza Ashraf,I love this Game ğŸ­ğŸ­ğŸ¬ğŸ¬ï»¿,4 months ago,0,No video
Adeena Aman,Hellooï»¿,4 months ago,0,No video
friends forever,Helloï»¿,4 months ago,0,No video
Ramlalkaswan Ramlalkaswan,Thanksï»¿,4 months ago,0,No video
Justin Cooper,Hi there ğŸ˜€ğŸ‘‹ğŸ˜Šï»¿,4 months ago,0,No video
iman ghassan iman,â¤ï¸ğŸŒ¹ï»¿,4 months ago,0,No video
Maheshwari J,Hiï»¿,4 months ago,0,No video
Redmi Play,ĞšĞ»Ğ°ÑÑï»¿,4 months ago,0,No video
kaio kaiky,Legau masomenosï»¿,4 months ago,0,No video
*Chitra.p. S*,ğŸ˜me too hate chocolate but Only in candy crushï»¿,5 months ago,8,No video
pinky diger,Ture think ğŸ˜„I hate chocolate too much but only in Candy Crush SagağŸ˜†.ï»¿,5 months ago (edited),2,No video
sndi sndi,Woooooooooooow vare vare vare nice and it's coolğŸ˜wooooooow thaenks candy ğŸ’“crush hahahağŸ˜‚ğŸ˜‚ğŸ˜‚ğŸ‘ğŸ‘ğŸ‘ğŸ‘ğŸ‘ğŸ‘ğŸ‘ğŸ‘ğŸ‘ğŸ‘ğŸ‘ğŸ‘ğŸ‘ï»¿,5 months ago,2,No video
Matthew Giofrey Edejer,I HATE CHOCOLATE TOO!ï»¿,5 months ago,2,No video
Ik Mij,In candy crush soda  i hate the white chocolate and brown is okï»¿,5 months ago,1,No video
ĞšĞ˜Ğ Ğ˜Ğ›Ğ› Ğ¡Ğ°Ñ„ĞµĞ½ĞºĞ¾,ĞŸÑ€Ğ¸ï»¿,5 months ago,1,No video
Cyan Cubic,The choccolate its suckï»¿,5 months ago,1,No video
Panda Marbun,Wow level 5163 is hard levelï»¿,4 months ago,0,No video
Ãƒey AfRaÃ±,Vayy ami 1700.level. ğŸ¤¡ï»¿,5 months ago,0,No video
Maite Martinez,Hay k pagar para subir el juegoï»¿,5 months ago,0,No video
Khayat 2019,Ø±ÙˆÙˆÙˆÙˆÙˆÙˆÙˆØ¹Ù‡ï»¿,5 months ago,0,No video
ĞšĞ˜Ğ Ğ˜Ğ›Ğ› Ğ¡Ğ°Ñ„ĞµĞ½ĞºĞ¾,$$$$$$$$ï»¿,5 months ago,0,No video
Jefferson Barahona,ğŸ˜‚ğŸ˜‚ğŸ˜‚ yo odio el chocolate pero en candy crush xDï»¿,5 months ago,0,No video
Alexis Rosales,I love chocolate ğŸ˜ğŸ¥°ğŸ¥°ï»¿,5 months ago,0,No video
Mauro Alberto Jose Cabrera Morales,QUE. BUEN CHOCOLATEï»¿,5 months ago,0,No video
Md Abbas Uddin,4092 my levelï»¿,5 months ago,0,No video
ZOMBS GAMER,Me tooï»¿,5 months ago,0,No video
Jacqueline Kielgast,Hallo Ich bin Jacquelineï»¿,5 months ago,0,No video
joe ramsey,Ghgï»¿,5 months ago,0,No video
joe ramsey,Hï»¿,5 months ago,0,No video
Ionel marius BANCIU,Gracias Candy C.Sagaï»¿,5 months ago,0,No video
Erick D,5075 level ğŸ˜ğŸ‡²ğŸ‡½ï»¿,5 months ago,0,No video
Jeannine LibÃ©ral,Candyï»¿,5 months ago,0,No video
Doodhy fi DODI do,Candyï»¿,5 months ago,0,No video
Ù…Ø­Ù…Ø¯ Ø§Ù„Ø³Ù„ÙˆØ§Ø¯ÙŠ,Ø±ÙˆÙˆÙˆÙˆÙˆÙˆÙˆØ¹Ù‡ï»¿,5 months ago,0,No video
Ann Magold VanKoughnet,Love the challenge myself ğŸ˜ï»¿,5 months ago,0,No video
Mmohhamd sahabali,all  all level clear5045ï»¿,5 months ago,9,No video
Lahsen Daoui,5045 ğŸ˜ğŸ˜ğŸ˜ğŸ˜ï»¿,5 months ago,7,No video
Katina Tasevska,5045ï»¿,5 months ago,4,No video
afaq khan,929 level help meï»¿,5 months ago,4,No video
Mo3amar Alsaher,4644 ğŸ–â¤ğŸ‘ğŸ¤—ğŸŒ·ï»¿,5 months ago,4,No video
surya kunwar,2000ï»¿,5 months ago,4,No video
å¼µæ–‡è¯,æ‚¨å¥½ï¼šè«‹æ±‚8å°æ™‚æ‰“çš„ç¦®ç‰©ï¼Œä¸è¦ç”¨æ™‚é–“ä»£æ›¿ç¦®ç‰©ï¼Œä¸è¦ç”¨æ™‚é–“ä»£æ›¿ç¦®ç‰©ï¼Œè«‹æ±‚æ”¹å›ç›´æ¥é€ç¦®ç‰©ã€‚è¬è¬ã€‚ï»¿,5 months ago,3,No video
Pablo Arroyave,5045ï»¿,5 months ago,3,No video
Maria Montes,Hola!!!!! Estoy en el nivel 2252ğŸ’•ğŸ’•ğŸ’•ğŸ’•ï»¿,5 months ago,3,No video
Lahsen Daoui,Cooool 5045 ğŸ˜â¤ğŸ¤”ï»¿,5 months ago,3,No video
Ionel marius BANCIU,Soy en nivel 171ğŸ˜‹ï»¿,5 months ago,3,No video
Eve Quijada,Iâ€™m level 625ï»¿,5 months ago,3,No video
Sandra Castillo,Jiiikjjjmnnmï»¿,5 months ago,3,No video
Wm Chan,Cleared level 5105ï»¿,5 months ago,2,No video
rhey chat,"Sya main banyak pke bnyk akun, tp level yg tggi baru smpk 2486 ğŸ˜‚ğŸ˜‚ğŸ˜‚ï»¿",5 months ago,2,No video
FRYAL ALSHAMALY,Ø§Ù†Ø§ Ø¨Ù…Ø±Ø­Ù„Ø© 2180ï»¿,5 months ago,2,No video
Sharuk Khan,My levels 5045ï»¿,5 months ago,2,No video
psyren,5045 ğŸ˜ğŸ˜ğŸ˜ï»¿,5 months ago,2,No video
Erick D,5045 ğŸ‡²ğŸ‡½ï»¿,5 months ago,2,No video
Riquelmo Barbosa,2000ï»¿,5 months ago,2,No video
Christian C,Iâ€™m on level 3050ï»¿,5 months ago,2,No video
Mmohhamd sahabali,Next levelï»¿,5 months ago,2,No video
pinky diger,"Candy Crush Saga ğŸ˜† ğŸ˜„ğŸ˜˜ğŸ˜
Level 1573ğŸ˜…ğŸ˜Šï»¿",4 months ago,1,No video
Panda Marbun,"Amazing,  finished 5150ï»¿",4 months ago,1,No video
Nilesh Kahar,5045ï»¿,5 months ago,1,No video
Goutam Shastri,5075 level clear. Waiting next levelï»¿,5 months ago,1,No video
Goutam Shastri,All level 5075 clearï»¿,5 months ago,1,No video
Apin Wang,5046ğŸ˜ğŸ˜lolï»¿,5 months ago,1,No video
Pixel 2nd channel,Lm in 310 but itâ€™s crashed on candy crush sagaï»¿,5 months ago,1,No video
Kaushal Patel,1700 levelï»¿,5 months ago,1,No video
Meranda lazer,1987ï»¿,5 months ago,1,No video
Baba shyam Ka deewana,4742ï»¿,5 months ago,1,No video
Vidnya Borkar,1038ï»¿,5 months ago,1,No video
boubker abjaou,2589ğŸ¤‘ğŸ¤‘ğŸ¤‘ï»¿,5 months ago,1,No video
Santosh Verma,3278ï»¿,5 months ago,1,No video
Subha Subha,2015 my leaveï»¿,5 months ago,1,No video
Subha Subha,Candy crush I Love itï»¿,5 months ago,1,No video
Akash,My 823ï»¿,5 months ago,1,No video
Mecbeth Boro,1010 guysï»¿,5 months ago,1,No video
Sinsha Beeran,3117ï»¿,5 months ago,1,No video
Rijwan Khan,270 level openï»¿,5 months ago,1,No video
jaman vadi,OoooğŸ˜”ğŸ˜•me on 428 levelï»¿,5 months ago,1,No video
Comedy Vines,I Am clear level 1266ï»¿,5 months ago,1,No video
SANTOSHINI MODI,I am in 3479ï»¿,5 months ago,1,No video
Muhammad Israr,I'm level 2147ï»¿,5 months ago,1,No video
soni production,I'm on leave 3151ï»¿,5 months ago,1,No video
S.M. Jahid islam,2088ï»¿,5 months ago,1,No video
Dolores Cedeno Bravo,en friends en el nivel 2021ï»¿,5 months ago,1,No video
Maria Rojo,Mi nivel es 1667ï»¿,5 months ago,1,No video
Juliana 24,candy. crush. juliana 23 io the most peopleï»¿,5 months ago,1,No video
Panda Marbun,Wow level 5163 is hard levelï»¿,4 months ago,0,No video
Eknath Patil,All 5105 level clearï»¿,4 months ago,0,No video
Abhay Singh,All finish 5105ï»¿,4 months ago,0,No video
Nilesh Kahar,all level clearï»¿,5 months ago,0,No video
Eknath Patil,All 5045 level clearï»¿,5 months ago,0,No video
SURESH KUMAR,2111ï»¿,5 months ago,0,No video
adarsh Mishra,I clear the final levelï»¿,5 months ago,0,No video
Ù…Ø­Ù…Ø¯ Ø£Ø¨Ùˆ Ø§Ù„Ø²ÙˆØ²,5045ğŸ’ªğŸ‘ï»¿,5 months ago,0,No video
Ù…Ø­Ù…Ø¯ Ø£Ø¨Ùˆ Ø§Ù„Ø²ÙˆØ²,ğŸ’ªğŸ‘5045ï»¿,5 months ago,0,No video
Rakesh,1716ï»¿,5 months ago,0,No video
mikey bikey,It's SOOOOOOO addictive! There MUST be witchcraft involved. ğŸ§™â€â™€ï¸ï»¿,5 months ago,0,No video
Adam Uss,4023 levelï»¿,5 months ago,0,No video
atiq khamdi,4336 im Indonesianï»¿,5 months ago,0,No video
Safikul Ali,Im leval 1582ï»¿,5 months ago,0,No video
Daleep candy crush,I am on level 4550ï»¿,5 months ago,0,No video
Alfie Catalan,WOW happy candy crush frdel neï»¿,5 months ago,0,No video
Panda Marbun,Passed 5105ğŸ”ï»¿,4 months ago,1,https://youtube.com/watch?v=LXJmCvBNxUE
Ajaya Sahoo,4119 my levelï»¿,5 months ago,0,https://youtube.com/watch?v=LXJmCvBNxUE
Ajaya Sahoo,Hi..I playing 4119 level.ï»¿,5 months ago,0,https://youtube.com/watch?v=LXJmCvBNxUE
Sidhu Dubey,Hiï»¿,5 months ago,0,https://youtube.com/watch?v=LXJmCvBNxUE
Dilshad Khan,i am 5004ï»¿,5 months ago,0,https://youtube.com/watch?v=LXJmCvBNxUE
YASMEEN TAJ,â˜ºï¸â¤â¤â¤â˜ºï¸ğŸ‘ï»¿,5 months ago,0,https://youtube.com/watch?v=LXJmCvBNxUE
ravi kumar,Level 5000 completedï»¿,5 months ago,0,https://youtube.com/watch?v=LXJmCvBNxUE
hong thuan,very goodï»¿,5 months ago,0,https://youtube.com/watch?v=LXJmCvBNxUE
hong thuan,hiï»¿,5 months ago,0,https://youtube.com/watch?v=LXJmCvBNxUE
Bashir Srouji,Ø§Ù†Ø§ ÙˆØµÙ„Øª5015ğŸ’ªğŸ»ï»¿,5 months ago,0,https://youtube.com/watch?v=LXJmCvBNxUE
nikosalexia,Â«Î•Ï…Ï‡Î±ÏÎ¹ÏƒÏ„Î¿ÏÎ¼ÎµÂ» Î´ÎµÎ½ Î¬ÎºÎ¿Ï…ÏƒÎ±.ï»¿,5 months ago,0,https://youtube.com/watch?v=LXJmCvBNxUE
The Boss,When are going to add more levels?ï»¿,5 months ago,0,https://youtube.com/watch?v=LXJmCvBNxUE
The Boss,Iâ€™m in level 5015ï»¿,5 months ago,0,https://youtube.com/watch?v=LXJmCvBNxUE
The Boss,But I have finish all the levels in Candy Crushï»¿,5 months ago,0,https://youtube.com/watch?v=LXJmCvBNxUE
Ø²ÙˆÙ„ Ù…Ø¹Ù„ÙˆÙ…Ø§Øª,Ø§Ø®Ø± ØªØ­Ø¯ÙŠØ« Ù‡Ø°Ø§ï»¿,5 months ago,3,No video
Ionel marius BANCIU,Un saludo desde Madrid EspaÃ±aï»¿,5 months ago,1,No video
Rosi Coronado,Candy level 1046 âœ¨âœ¨ğŸ’–ï»¿,5 months ago,1,No video
natarajan murugan,Candy crushï»¿,5 months ago,1,No video
karoline Adolfsen,Candy Crush Sagaï»¿,5 months ago,1,No video
Risky Amalia,Candy crush Friendsï»¿,5 months ago,1,No video
hola :d,ricardo milosï»¿,5 months ago,1,No video
XxGachaXx Gacha,Good ahhï»¿,4 months ago,0,No video
Nurse Cindy 1983,Level 4996ï»¿,5 months ago,0,No video
computer SINGH,i  am level 1180ï»¿,5 months ago,0,No video
Akshat Yadav,total kitne level hï»¿,5 months ago,0,No video
Scorpio Girlxo,@william how?ï»¿,5 months ago,0,No video
Valentin Acosta,coolï»¿,5 months ago,0,No video
Louise Somai,Beste visje ter tijdenï»¿,5 months ago,0,No video
william,candy crush needs to stop cheatingï»¿,5 months ago,0,No video
Mavas Mukesh,my level candy crush 4250ï»¿,11 months ago,1,https://youtube.com/watch?v=3ANivBOk0X8
Mike Luciano,"tds os premios ganhos, por missÃµes feitas, aparecem e...NÃƒO ganho..tristeï»¿",6 months ago,0,https://youtube.com/watch?v=3ANivBOk0X8
Äiá»‡p pháº¡m,My lever candy crush 4293ï»¿,8 months ago,0,https://youtube.com/watch?v=3ANivBOk0X8
Mavas Mukesh,my level candy crush 4430ï»¿,10 months ago,0,https://youtube.com/watch?v=3ANivBOk0X8
Andressa Pereira Santoa,OiğŸ˜ï»¿,10 months ago,0,https://youtube.com/watch?v=3ANivBOk0X8
mandy kuppusamy,Every time Iâ€™m awarded 30 minutes free play I never ever get to play. Every time. Very frustrating. !!ï»¿,11 months ago,0,https://youtube.com/watch?v=3ANivBOk0X8
Mavas Mukesh,my level candy crush 4250ï»¿,11 months ago,1,https://youtube.com/watch?v=vVw6ExOCuJc
linda bagent,My name is Joelï»¿,1 year ago,0,https://youtube.com/watch?v=vVw6ExOCuJc
Kathleen Mullennix,What happened to space race in Candy crush saga?  I was in first place this morning by over 800 color bombs and now itâ€™s totally gone?????? The contest should be done now and not even showing!!!!!!ï»¿,11 months ago,0,https://youtube.com/watch?v=b82g5xIKsCM
Lyomyr Olyver Oliveira,Hï»¿,11 months ago,0,https://youtube.com/watch?v=b82g5xIKsCM
;; Hedgeheod,:^ï»¿,1 year ago,0,https://youtube.com/watch?v=b82g5xIKsCM
Manaal Imran,Every Body And Me Liked Itï»¿,1 year ago,0,https://youtube.com/watch?v=b82g5xIKsCM
Emma Atkinson,I am stuck on a level it's hard can u help meï»¿,9 months ago,0,https://youtube.com/watch?v=09bgmB1e-5w
Mavas Mukesh,4250ï»¿,11 months ago,0,https://youtube.com/watch?v=09bgmB1e-5w
Zheng Kai Ku,I got it first. I could play Candy Crush because I like it! Thanks.ï»¿,1 year ago,0,https://youtube.com/watch?v=09bgmB1e-5w
Zheng Kai Ku,Got a candy?ï»¿,1 year ago,0,https://youtube.com/watch?v=gdLI0W61MdI
Maria Badu,Sweet ğŸ«ğŸ¬ğŸ­ğŸŸğŸ¯ğŸ®ğŸ¥ï»¿,1 year ago,0,https://youtube.com/watch?v=gdLI0W61MdI
Jalal Ahmad Khan,Niceï»¿,7 months ago,0,https://youtube.com/watch?v=S0a3Cbnq5Q8
Raj singh,ADItkonï»¿,1 year ago,0,https://youtube.com/watch?v=S0a3Cbnq5Q8
Zheng Kai Ku,ğŸ«ğŸ°ğŸ‚ğŸ­ğŸ¬ğŸ«All of Sweets!ï»¿,1 year ago,0,https://youtube.com/watch?v=tB0VcefYWvo
Maria Badu,Sweetï»¿,1 year ago,2,No video
Leo Karlsson,Coolï»¿,1 year ago,2,No video
Jose Fernando,Coolï»¿,1 year ago,2,No video
Zheng Kai Ku,æˆ‘åœ¨2017å¹´ï¼Œæˆ‘æœ‰ç©è¿‡ã€‚ï»¿,1 year ago,1,No video
Adriana Pompeo,Sweetï»¿,1 year ago,1,No video
æ—é›…èŠ¬,â†’Jï»¿,1 year ago,1,No video
Noor Butt,I need itï»¿,5 months ago,0,No video
Jhadeswar Patra,gï»¿,1 year ago,0,No video
Adriana Pompeo,Sweet genteï»¿,1 year ago,0,No video
Adriana Pompeo,Sweetï»¿,1 year ago,0,No video
Adriana Pompeo,Sweet Dreamsï»¿,1 year ago,0,No video
Adriana Pompeo,Sweet Dreamsï»¿,1 year ago,0,No video
Sanjay Thawait,Canby cereshï»¿,1 year ago,1,https://youtube.com/watch?v=cbMhl3c8eVk
fahad jawai,"Hi there, my name is Mohammad Fahad Jawaid from Karachi Pakistan, I am on 3698 level... what is the last level of it????ï»¿",1 year ago,0,https://youtube.com/watch?v=cbMhl3c8eVk
Judi Cornfield,I'm up to level 602 and original Candy Crush game and it just came froze up. What can I do to fix this?ï»¿,8 months ago,0,https://youtube.com/watch?v=cdepJ6Yt0K0
Monica Emiko Hori,In crush saga level 331ï»¿,1 year ago,0,https://youtube.com/watch?v=cdepJ6Yt0K0
Josefa Roman Gomez,oiï»¿,1 year ago,1,https://youtube.com/watch?v=ZYynsXMyJq8
Carol Ritchey,How come i don't get bonuses on Candy crush soda.?ï»¿,9 months ago,0,https://youtube.com/watch?v=ZYynsXMyJq8
Antonio Terrazas,Hello foto 5 yearsğŸ˜ğŸ˜ğŸ˜ğŸ˜ï»¿,1 year ago,0,https://youtube.com/watch?v=sR73dD4ezpY
DA AWSUM ERICSON,I NEED ITï»¿,1 year ago,2,No video
Kaushal Narayanbhai,I am 1250 level comlitï»¿,1 year ago,1,No video
Amol Kapare,Level 3635 k update do na sirï»¿,1 year ago,1,No video
Daora Noites Filmes,Sodeluciousï»¿,1 year ago,1,No video
Priyadarshan Maulivar,Big thingï»¿,1 year ago,1,No video
Manish chauhan hii,Candy Crush retina levelï»¿,1 year ago,1,No video
Juan Diego Chan Rivera,Wow amazingï»¿,1 year ago,1,No video
Natalia Milana,"Wow, awesome!ï»¿",1 year ago,1,No video
Fernanda Ramos,Tasty sugar crushï»¿,1 year ago,1,No video
sayanti : prokas sardar : mondol,Osamï»¿,1 year ago,0,No video
Yorgelis Hernandez,Para ver candidato crusï»¿,1 year ago,0,No video
Rahul Shukla,i m in level number 3598ï»¿,1 year ago,2,No video
Muzamil Mansoury,Watfordï»¿,1 year ago,1,No video
Muzamil Mansoury,Moorgateï»¿,1 year ago,0,No video
Maha Saleh,Sodaluciousï»¿,1 year ago,6,No video
Daora Noites Filmes,Sodelucious ğŸ˜œï»¿,1 year ago,5,No video
Maria Badu,SUGAR CRUSHï»¿,1 year ago,5,No video
kashaf kashaf,I like this gameï»¿,1 year ago,4,No video
gorila 750,SUGAR CRUSHï»¿,1 year ago,4,No video
Juan Diego Chan Rivera,"Candy crush saga, candy crush soda, candy crush jelly.ï»¿",1 year ago,3,No video
VIJAY CHAVHAN,that feeling when super hard level is easy but hard level is not passing even with booster...kill meï»¿,1 year ago,2,No video
thiago antonio camargo lima,EU AMOR ESSE JOGO VL 1816ï»¿,1 year ago (edited),1,No video
Batseba Kristiansen,Candy crushï»¿,1 year ago,1,No video
Hicham Moutaouakil,Merciï»¿,1 year ago,1,No video
Avee Teak,nononoï»¿,1 year ago,1,No video
Miriam Reis de Siqueira,Sugar crushï»¿,1 year ago,1,No video
Maria Cruz GonzÃ¡lez Mercado,Swetï»¿,1 year ago,1,No video
pinky diger,"Lovely gameğŸ˜ğŸ˜˜ğŸ˜Š 
My favorite â¤ï¸ğŸ˜ game ğŸ˜â¤ï¸ï»¿",4 months ago,0,No video
Juliet Coloma,I am in level 277ï»¿,1 year ago,0,No video
à¸™à¸•à¸´à¸à¸‡à¸© à¸ªà¸¸à¸‚à¹ƒà¸ˆ,Hassan Diane cupï»¿,1 year ago,0,No video
Miriam Reis de Siqueira,Delichous swteeï»¿,1 year ago,0,No video
Juan Diego Chan Rivera,*Cool and amazing*ï»¿,1 year ago,2,No video
Manish chauhan hii,Candy Crush hack nale waleï»¿,1 year ago,1,No video
Jarrod Jomes,Candy crush saga of theï»¿,1 year ago,1,No video
Nilima Baro,Hiï»¿,1 year ago,1,No video
srinivasa sarma,Already  i am playing 3579 .. it so so. Cuteï»¿,1 year ago,1,No video
